YEAR,ROUND,HSEED,HTEAM,LSEED,LTEAM
2024,1,1,Connecticut,1,Purdue
2024,1,1,Connecticut,1,Houston
2024,1,1,Connecticut,1,North Carolina
2024,1,1,Connecticut,2,Iowa State
2024,1,1,Connecticut,2,Marquette
2024,1,1,Connecticut,2,Tennessee
2024,1,1,Connecticut,2,Arizona
2024,1,1,Connecticut,3,Illinois
2024,1,1,Connecticut,3,Kentucky
2024,1,1,Connecticut,3,Creighton
2024,1,1,Connecticut,3,Baylor
2024,1,1,Connecticut,4,Auburn
2024,1,1,Connecticut,4,Duke
2024,1,1,Connecticut,4,Kansas
2024,1,1,Connecticut,4,Alabama
2024,1,1,Connecticut,5,San Diego State
2024,1,1,Connecticut,5,Wisconsin
2024,1,1,Connecticut,5,Gonzaga
2024,1,1,Connecticut,5,Saint Mary's
2024,1,1,Connecticut,6,BYU
2024,1,1,Connecticut,6,Texas Tech
2024,1,1,Connecticut,6,South Carolina
2024,1,1,Connecticut,6,Clemson
2024,1,1,Connecticut,7,Washington State
2024,1,1,Connecticut,7,Florida
2024,1,1,Connecticut,7,Texas
2024,1,1,Connecticut,7,Dayton
2024,1,1,Connecticut,8,Florida Atlantic
2024,1,1,Connecticut,8,Nebraska
2024,1,1,Connecticut,8,Utah State
2024,1,1,Connecticut,8,Mississippi State
2024,1,1,Connecticut,9,Northwestern
2024,1,1,Connecticut,9,Texas A&M
2024,1,1,Connecticut,9,TCU
2024,1,1,Connecticut,9,Michigan State
2024,1,1,Connecticut,10,Drake
2024,1,1,Connecticut,10,Boise State
2024,1,1,Connecticut,10,Colorado
2024,1,1,Connecticut,10,Colorado State
2024,1,1,Connecticut,10,Virginia
2024,1,1,Connecticut,10,Nevada
2024,1,1,Connecticut,11,Duquesne
2024,1,1,Connecticut,11,North Carolina State
2024,1,1,Connecticut,11,Oregon
2024,1,1,Connecticut,11,New Mexico
2024,1,1,Connecticut,12,UAB
2024,1,1,Connecticut,12,James Madison
2024,1,1,Connecticut,12,McNeese State
2024,1,1,Connecticut,12,Grand Canyon
2024,1,1,Connecticut,13,Yale
2024,1,1,Connecticut,13,Vermont
2024,1,1,Connecticut,13,Samford
2024,1,1,Connecticut,13,Charleston
2024,1,1,Connecticut,14,Morehead State
2024,1,1,Connecticut,14,Oakland
2024,1,1,Connecticut,14,Akron
2024,1,1,Connecticut,14,Colgate
2024,1,1,Connecticut,15,South Dakota State
2024,1,1,Connecticut,15,Western Kentucky
2024,1,1,Connecticut,15,Saint Peter's
2024,1,1,Connecticut,15,Long Beach State
2024,1,1,Connecticut,16,Stetson
2024,1,1,Connecticut,16,Longwood
2024,1,1,Connecticut,16,Grambling State
2024,1,1,Connecticut,16,Montana State
2024,1,1,Connecticut,16,Howard
2024,1,1,Connecticut,16,Wagner
2024,1,1,Purdue,1,Houston
2024,1,1,Purdue,1,North Carolina
2024,1,1,Purdue,2,Iowa State
2024,1,1,Purdue,2,Marquette
2024,1,1,Purdue,2,Tennessee
2024,1,1,Purdue,2,Arizona
2024,1,1,Purdue,3,Illinois
2024,1,1,Purdue,3,Kentucky
2024,1,1,Purdue,3,Creighton
2024,1,1,Purdue,3,Baylor
2024,1,1,Purdue,4,Auburn
2024,1,1,Purdue,4,Duke
2024,1,1,Purdue,4,Kansas
2024,1,1,Purdue,4,Alabama
2024,1,1,Purdue,5,San Diego State
2024,1,1,Purdue,5,Wisconsin
2024,1,1,Purdue,5,Gonzaga
2024,1,1,Purdue,5,Saint Mary's
2024,1,1,Purdue,6,BYU
2024,1,1,Purdue,6,Texas Tech
2024,1,1,Purdue,6,South Carolina
2024,1,1,Purdue,6,Clemson
2024,1,1,Purdue,7,Washington State
2024,1,1,Purdue,7,Florida
2024,1,1,Purdue,7,Texas
2024,1,1,Purdue,7,Dayton
2024,1,1,Purdue,8,Florida Atlantic
2024,1,1,Purdue,8,Nebraska
2024,1,1,Purdue,8,Utah State
2024,1,1,Purdue,8,Mississippi State
2024,1,1,Purdue,9,Northwestern
2024,1,1,Purdue,9,Texas A&M
2024,1,1,Purdue,9,TCU
2024,1,1,Purdue,9,Michigan State
2024,1,1,Purdue,10,Drake
2024,1,1,Purdue,10,Boise State
2024,1,1,Purdue,10,Colorado
2024,1,1,Purdue,10,Colorado State
2024,1,1,Purdue,10,Virginia
2024,1,1,Purdue,10,Nevada
2024,1,1,Purdue,11,Duquesne
2024,1,1,Purdue,11,North Carolina State
2024,1,1,Purdue,11,Oregon
2024,1,1,Purdue,11,New Mexico
2024,1,1,Purdue,12,UAB
2024,1,1,Purdue,12,James Madison
2024,1,1,Purdue,12,McNeese State
2024,1,1,Purdue,12,Grand Canyon
2024,1,1,Purdue,13,Yale
2024,1,1,Purdue,13,Vermont
2024,1,1,Purdue,13,Samford
2024,1,1,Purdue,13,Charleston
2024,1,1,Purdue,14,Morehead State
2024,1,1,Purdue,14,Oakland
2024,1,1,Purdue,14,Akron
2024,1,1,Purdue,14,Colgate
2024,1,1,Purdue,15,South Dakota State
2024,1,1,Purdue,15,Western Kentucky
2024,1,1,Purdue,15,Saint Peter's
2024,1,1,Purdue,15,Long Beach State
2024,1,1,Purdue,16,Stetson
2024,1,1,Purdue,16,Longwood
2024,1,1,Purdue,16,Grambling State
2024,1,1,Purdue,16,Montana State
2024,1,1,Purdue,16,Howard
2024,1,1,Purdue,16,Wagner
2024,1,1,Houston,1,North Carolina
2024,1,1,Houston,2,Iowa State
2024,1,1,Houston,2,Marquette
2024,1,1,Houston,2,Tennessee
2024,1,1,Houston,2,Arizona
2024,1,1,Houston,3,Illinois
2024,1,1,Houston,3,Kentucky
2024,1,1,Houston,3,Creighton
2024,1,1,Houston,3,Baylor
2024,1,1,Houston,4,Auburn
2024,1,1,Houston,4,Duke
2024,1,1,Houston,4,Kansas
2024,1,1,Houston,4,Alabama
2024,1,1,Houston,5,San Diego State
2024,1,1,Houston,5,Wisconsin
2024,1,1,Houston,5,Gonzaga
2024,1,1,Houston,5,Saint Mary's
2024,1,1,Houston,6,BYU
2024,1,1,Houston,6,Texas Tech
2024,1,1,Houston,6,South Carolina
2024,1,1,Houston,6,Clemson
2024,1,1,Houston,7,Washington State
2024,1,1,Houston,7,Florida
2024,1,1,Houston,7,Texas
2024,1,1,Houston,7,Dayton
2024,1,1,Houston,8,Florida Atlantic
2024,1,1,Houston,8,Nebraska
2024,1,1,Houston,8,Utah State
2024,1,1,Houston,8,Mississippi State
2024,1,1,Houston,9,Northwestern
2024,1,1,Houston,9,Texas A&M
2024,1,1,Houston,9,TCU
2024,1,1,Houston,9,Michigan State
2024,1,1,Houston,10,Drake
2024,1,1,Houston,10,Boise State
2024,1,1,Houston,10,Colorado
2024,1,1,Houston,10,Colorado State
2024,1,1,Houston,10,Virginia
2024,1,1,Houston,10,Nevada
2024,1,1,Houston,11,Duquesne
2024,1,1,Houston,11,North Carolina State
2024,1,1,Houston,11,Oregon
2024,1,1,Houston,11,New Mexico
2024,1,1,Houston,12,UAB
2024,1,1,Houston,12,James Madison
2024,1,1,Houston,12,McNeese State
2024,1,1,Houston,12,Grand Canyon
2024,1,1,Houston,13,Yale
2024,1,1,Houston,13,Vermont
2024,1,1,Houston,13,Samford
2024,1,1,Houston,13,Charleston
2024,1,1,Houston,14,Morehead State
2024,1,1,Houston,14,Oakland
2024,1,1,Houston,14,Akron
2024,1,1,Houston,14,Colgate
2024,1,1,Houston,15,South Dakota State
2024,1,1,Houston,15,Western Kentucky
2024,1,1,Houston,15,Saint Peter's
2024,1,1,Houston,15,Long Beach State
2024,1,1,Houston,16,Stetson
2024,1,1,Houston,16,Longwood
2024,1,1,Houston,16,Grambling State
2024,1,1,Houston,16,Montana State
2024,1,1,Houston,16,Howard
2024,1,1,Houston,16,Wagner
2024,1,1,North Carolina,2,Iowa State
2024,1,1,North Carolina,2,Marquette
2024,1,1,North Carolina,2,Tennessee
2024,1,1,North Carolina,2,Arizona
2024,1,1,North Carolina,3,Illinois
2024,1,1,North Carolina,3,Kentucky
2024,1,1,North Carolina,3,Creighton
2024,1,1,North Carolina,3,Baylor
2024,1,1,North Carolina,4,Auburn
2024,1,1,North Carolina,4,Duke
2024,1,1,North Carolina,4,Kansas
2024,1,1,North Carolina,4,Alabama
2024,1,1,North Carolina,5,San Diego State
2024,1,1,North Carolina,5,Wisconsin
2024,1,1,North Carolina,5,Gonzaga
2024,1,1,North Carolina,5,Saint Mary's
2024,1,1,North Carolina,6,BYU
2024,1,1,North Carolina,6,Texas Tech
2024,1,1,North Carolina,6,South Carolina
2024,1,1,North Carolina,6,Clemson
2024,1,1,North Carolina,7,Washington State
2024,1,1,North Carolina,7,Florida
2024,1,1,North Carolina,7,Texas
2024,1,1,North Carolina,7,Dayton
2024,1,1,North Carolina,8,Florida Atlantic
2024,1,1,North Carolina,8,Nebraska
2024,1,1,North Carolina,8,Utah State
2024,1,1,North Carolina,8,Mississippi State
2024,1,1,North Carolina,9,Northwestern
2024,1,1,North Carolina,9,Texas A&M
2024,1,1,North Carolina,9,TCU
2024,1,1,North Carolina,9,Michigan State
2024,1,1,North Carolina,10,Drake
2024,1,1,North Carolina,10,Boise State
2024,1,1,North Carolina,10,Colorado
2024,1,1,North Carolina,10,Colorado State
2024,1,1,North Carolina,10,Virginia
2024,1,1,North Carolina,10,Nevada
2024,1,1,North Carolina,11,Duquesne
2024,1,1,North Carolina,11,North Carolina State
2024,1,1,North Carolina,11,Oregon
2024,1,1,North Carolina,11,New Mexico
2024,1,1,North Carolina,12,UAB
2024,1,1,North Carolina,12,James Madison
2024,1,1,North Carolina,12,McNeese State
2024,1,1,North Carolina,12,Grand Canyon
2024,1,1,North Carolina,13,Yale
2024,1,1,North Carolina,13,Vermont
2024,1,1,North Carolina,13,Samford
2024,1,1,North Carolina,13,Charleston
2024,1,1,North Carolina,14,Morehead State
2024,1,1,North Carolina,14,Oakland
2024,1,1,North Carolina,14,Akron
2024,1,1,North Carolina,14,Colgate
2024,1,1,North Carolina,15,South Dakota State
2024,1,1,North Carolina,15,Western Kentucky
2024,1,1,North Carolina,15,Saint Peter's
2024,1,1,North Carolina,15,Long Beach State
2024,1,1,North Carolina,16,Stetson
2024,1,1,North Carolina,16,Longwood
2024,1,1,North Carolina,16,Grambling State
2024,1,1,North Carolina,16,Montana State
2024,1,1,North Carolina,16,Howard
2024,1,1,North Carolina,16,Wagner
2024,1,2,Iowa State,2,Marquette
2024,1,2,Iowa State,2,Tennessee
2024,1,2,Iowa State,2,Arizona
2024,1,2,Iowa State,3,Illinois
2024,1,2,Iowa State,3,Kentucky
2024,1,2,Iowa State,3,Creighton
2024,1,2,Iowa State,3,Baylor
2024,1,2,Iowa State,4,Auburn
2024,1,2,Iowa State,4,Duke
2024,1,2,Iowa State,4,Kansas
2024,1,2,Iowa State,4,Alabama
2024,1,2,Iowa State,5,San Diego State
2024,1,2,Iowa State,5,Wisconsin
2024,1,2,Iowa State,5,Gonzaga
2024,1,2,Iowa State,5,Saint Mary's
2024,1,2,Iowa State,6,BYU
2024,1,2,Iowa State,6,Texas Tech
2024,1,2,Iowa State,6,South Carolina
2024,1,2,Iowa State,6,Clemson
2024,1,2,Iowa State,7,Washington State
2024,1,2,Iowa State,7,Florida
2024,1,2,Iowa State,7,Texas
2024,1,2,Iowa State,7,Dayton
2024,1,2,Iowa State,8,Florida Atlantic
2024,1,2,Iowa State,8,Nebraska
2024,1,2,Iowa State,8,Utah State
2024,1,2,Iowa State,8,Mississippi State
2024,1,2,Iowa State,9,Northwestern
2024,1,2,Iowa State,9,Texas A&M
2024,1,2,Iowa State,9,TCU
2024,1,2,Iowa State,9,Michigan State
2024,1,2,Iowa State,10,Drake
2024,1,2,Iowa State,10,Boise State
2024,1,2,Iowa State,10,Colorado
2024,1,2,Iowa State,10,Colorado State
2024,1,2,Iowa State,10,Virginia
2024,1,2,Iowa State,10,Nevada
2024,1,2,Iowa State,11,Duquesne
2024,1,2,Iowa State,11,North Carolina State
2024,1,2,Iowa State,11,Oregon
2024,1,2,Iowa State,11,New Mexico
2024,1,2,Iowa State,12,UAB
2024,1,2,Iowa State,12,James Madison
2024,1,2,Iowa State,12,McNeese State
2024,1,2,Iowa State,12,Grand Canyon
2024,1,2,Iowa State,13,Yale
2024,1,2,Iowa State,13,Vermont
2024,1,2,Iowa State,13,Samford
2024,1,2,Iowa State,13,Charleston
2024,1,2,Iowa State,14,Morehead State
2024,1,2,Iowa State,14,Oakland
2024,1,2,Iowa State,14,Akron
2024,1,2,Iowa State,14,Colgate
2024,1,2,Iowa State,15,South Dakota State
2024,1,2,Iowa State,15,Western Kentucky
2024,1,2,Iowa State,15,Saint Peter's
2024,1,2,Iowa State,15,Long Beach State
2024,1,2,Iowa State,16,Stetson
2024,1,2,Iowa State,16,Longwood
2024,1,2,Iowa State,16,Grambling State
2024,1,2,Iowa State,16,Montana State
2024,1,2,Iowa State,16,Howard
2024,1,2,Iowa State,16,Wagner
2024,1,2,Marquette,2,Tennessee
2024,1,2,Marquette,2,Arizona
2024,1,2,Marquette,3,Illinois
2024,1,2,Marquette,3,Kentucky
2024,1,2,Marquette,3,Creighton
2024,1,2,Marquette,3,Baylor
2024,1,2,Marquette,4,Auburn
2024,1,2,Marquette,4,Duke
2024,1,2,Marquette,4,Kansas
2024,1,2,Marquette,4,Alabama
2024,1,2,Marquette,5,San Diego State
2024,1,2,Marquette,5,Wisconsin
2024,1,2,Marquette,5,Gonzaga
2024,1,2,Marquette,5,Saint Mary's
2024,1,2,Marquette,6,BYU
2024,1,2,Marquette,6,Texas Tech
2024,1,2,Marquette,6,South Carolina
2024,1,2,Marquette,6,Clemson
2024,1,2,Marquette,7,Washington State
2024,1,2,Marquette,7,Florida
2024,1,2,Marquette,7,Texas
2024,1,2,Marquette,7,Dayton
2024,1,2,Marquette,8,Florida Atlantic
2024,1,2,Marquette,8,Nebraska
2024,1,2,Marquette,8,Utah State
2024,1,2,Marquette,8,Mississippi State
2024,1,2,Marquette,9,Northwestern
2024,1,2,Marquette,9,Texas A&M
2024,1,2,Marquette,9,TCU
2024,1,2,Marquette,9,Michigan State
2024,1,2,Marquette,10,Drake
2024,1,2,Marquette,10,Boise State
2024,1,2,Marquette,10,Colorado
2024,1,2,Marquette,10,Colorado State
2024,1,2,Marquette,10,Virginia
2024,1,2,Marquette,10,Nevada
2024,1,2,Marquette,11,Duquesne
2024,1,2,Marquette,11,North Carolina State
2024,1,2,Marquette,11,Oregon
2024,1,2,Marquette,11,New Mexico
2024,1,2,Marquette,12,UAB
2024,1,2,Marquette,12,James Madison
2024,1,2,Marquette,12,McNeese State
2024,1,2,Marquette,12,Grand Canyon
2024,1,2,Marquette,13,Yale
2024,1,2,Marquette,13,Vermont
2024,1,2,Marquette,13,Samford
2024,1,2,Marquette,13,Charleston
2024,1,2,Marquette,14,Morehead State
2024,1,2,Marquette,14,Oakland
2024,1,2,Marquette,14,Akron
2024,1,2,Marquette,14,Colgate
2024,1,2,Marquette,15,South Dakota State
2024,1,2,Marquette,15,Western Kentucky
2024,1,2,Marquette,15,Saint Peter's
2024,1,2,Marquette,15,Long Beach State
2024,1,2,Marquette,16,Stetson
2024,1,2,Marquette,16,Longwood
2024,1,2,Marquette,16,Grambling State
2024,1,2,Marquette,16,Montana State
2024,1,2,Marquette,16,Howard
2024,1,2,Marquette,16,Wagner
2024,1,2,Tennessee,2,Arizona
2024,1,2,Tennessee,3,Illinois
2024,1,2,Tennessee,3,Kentucky
2024,1,2,Tennessee,3,Creighton
2024,1,2,Tennessee,3,Baylor
2024,1,2,Tennessee,4,Auburn
2024,1,2,Tennessee,4,Duke
2024,1,2,Tennessee,4,Kansas
2024,1,2,Tennessee,4,Alabama
2024,1,2,Tennessee,5,San Diego State
2024,1,2,Tennessee,5,Wisconsin
2024,1,2,Tennessee,5,Gonzaga
2024,1,2,Tennessee,5,Saint Mary's
2024,1,2,Tennessee,6,BYU
2024,1,2,Tennessee,6,Texas Tech
2024,1,2,Tennessee,6,South Carolina
2024,1,2,Tennessee,6,Clemson
2024,1,2,Tennessee,7,Washington State
2024,1,2,Tennessee,7,Florida
2024,1,2,Tennessee,7,Texas
2024,1,2,Tennessee,7,Dayton
2024,1,2,Tennessee,8,Florida Atlantic
2024,1,2,Tennessee,8,Nebraska
2024,1,2,Tennessee,8,Utah State
2024,1,2,Tennessee,8,Mississippi State
2024,1,2,Tennessee,9,Northwestern
2024,1,2,Tennessee,9,Texas A&M
2024,1,2,Tennessee,9,TCU
2024,1,2,Tennessee,9,Michigan State
2024,1,2,Tennessee,10,Drake
2024,1,2,Tennessee,10,Boise State
2024,1,2,Tennessee,10,Colorado
2024,1,2,Tennessee,10,Colorado State
2024,1,2,Tennessee,10,Virginia
2024,1,2,Tennessee,10,Nevada
2024,1,2,Tennessee,11,Duquesne
2024,1,2,Tennessee,11,North Carolina State
2024,1,2,Tennessee,11,Oregon
2024,1,2,Tennessee,11,New Mexico
2024,1,2,Tennessee,12,UAB
2024,1,2,Tennessee,12,James Madison
2024,1,2,Tennessee,12,McNeese State
2024,1,2,Tennessee,12,Grand Canyon
2024,1,2,Tennessee,13,Yale
2024,1,2,Tennessee,13,Vermont
2024,1,2,Tennessee,13,Samford
2024,1,2,Tennessee,13,Charleston
2024,1,2,Tennessee,14,Morehead State
2024,1,2,Tennessee,14,Oakland
2024,1,2,Tennessee,14,Akron
2024,1,2,Tennessee,14,Colgate
2024,1,2,Tennessee,15,South Dakota State
2024,1,2,Tennessee,15,Western Kentucky
2024,1,2,Tennessee,15,Saint Peter's
2024,1,2,Tennessee,15,Long Beach State
2024,1,2,Tennessee,16,Stetson
2024,1,2,Tennessee,16,Longwood
2024,1,2,Tennessee,16,Grambling State
2024,1,2,Tennessee,16,Montana State
2024,1,2,Tennessee,16,Howard
2024,1,2,Tennessee,16,Wagner
2024,1,2,Arizona,3,Illinois
2024,1,2,Arizona,3,Kentucky
2024,1,2,Arizona,3,Creighton
2024,1,2,Arizona,3,Baylor
2024,1,2,Arizona,4,Auburn
2024,1,2,Arizona,4,Duke
2024,1,2,Arizona,4,Kansas
2024,1,2,Arizona,4,Alabama
2024,1,2,Arizona,5,San Diego State
2024,1,2,Arizona,5,Wisconsin
2024,1,2,Arizona,5,Gonzaga
2024,1,2,Arizona,5,Saint Mary's
2024,1,2,Arizona,6,BYU
2024,1,2,Arizona,6,Texas Tech
2024,1,2,Arizona,6,South Carolina
2024,1,2,Arizona,6,Clemson
2024,1,2,Arizona,7,Washington State
2024,1,2,Arizona,7,Florida
2024,1,2,Arizona,7,Texas
2024,1,2,Arizona,7,Dayton
2024,1,2,Arizona,8,Florida Atlantic
2024,1,2,Arizona,8,Nebraska
2024,1,2,Arizona,8,Utah State
2024,1,2,Arizona,8,Mississippi State
2024,1,2,Arizona,9,Northwestern
2024,1,2,Arizona,9,Texas A&M
2024,1,2,Arizona,9,TCU
2024,1,2,Arizona,9,Michigan State
2024,1,2,Arizona,10,Drake
2024,1,2,Arizona,10,Boise State
2024,1,2,Arizona,10,Colorado
2024,1,2,Arizona,10,Colorado State
2024,1,2,Arizona,10,Virginia
2024,1,2,Arizona,10,Nevada
2024,1,2,Arizona,11,Duquesne
2024,1,2,Arizona,11,North Carolina State
2024,1,2,Arizona,11,Oregon
2024,1,2,Arizona,11,New Mexico
2024,1,2,Arizona,12,UAB
2024,1,2,Arizona,12,James Madison
2024,1,2,Arizona,12,McNeese State
2024,1,2,Arizona,12,Grand Canyon
2024,1,2,Arizona,13,Yale
2024,1,2,Arizona,13,Vermont
2024,1,2,Arizona,13,Samford
2024,1,2,Arizona,13,Charleston
2024,1,2,Arizona,14,Morehead State
2024,1,2,Arizona,14,Oakland
2024,1,2,Arizona,14,Akron
2024,1,2,Arizona,14,Colgate
2024,1,2,Arizona,15,South Dakota State
2024,1,2,Arizona,15,Western Kentucky
2024,1,2,Arizona,15,Saint Peter's
2024,1,2,Arizona,15,Long Beach State
2024,1,2,Arizona,16,Stetson
2024,1,2,Arizona,16,Longwood
2024,1,2,Arizona,16,Grambling State
2024,1,2,Arizona,16,Montana State
2024,1,2,Arizona,16,Howard
2024,1,2,Arizona,16,Wagner
2024,1,3,Illinois,3,Kentucky
2024,1,3,Illinois,3,Creighton
2024,1,3,Illinois,3,Baylor
2024,1,3,Illinois,4,Auburn
2024,1,3,Illinois,4,Duke
2024,1,3,Illinois,4,Kansas
2024,1,3,Illinois,4,Alabama
2024,1,3,Illinois,5,San Diego State
2024,1,3,Illinois,5,Wisconsin
2024,1,3,Illinois,5,Gonzaga
2024,1,3,Illinois,5,Saint Mary's
2024,1,3,Illinois,6,BYU
2024,1,3,Illinois,6,Texas Tech
2024,1,3,Illinois,6,South Carolina
2024,1,3,Illinois,6,Clemson
2024,1,3,Illinois,7,Washington State
2024,1,3,Illinois,7,Florida
2024,1,3,Illinois,7,Texas
2024,1,3,Illinois,7,Dayton
2024,1,3,Illinois,8,Florida Atlantic
2024,1,3,Illinois,8,Nebraska
2024,1,3,Illinois,8,Utah State
2024,1,3,Illinois,8,Mississippi State
2024,1,3,Illinois,9,Northwestern
2024,1,3,Illinois,9,Texas A&M
2024,1,3,Illinois,9,TCU
2024,1,3,Illinois,9,Michigan State
2024,1,3,Illinois,10,Drake
2024,1,3,Illinois,10,Boise State
2024,1,3,Illinois,10,Colorado
2024,1,3,Illinois,10,Colorado State
2024,1,3,Illinois,10,Virginia
2024,1,3,Illinois,10,Nevada
2024,1,3,Illinois,11,Duquesne
2024,1,3,Illinois,11,North Carolina State
2024,1,3,Illinois,11,Oregon
2024,1,3,Illinois,11,New Mexico
2024,1,3,Illinois,12,UAB
2024,1,3,Illinois,12,James Madison
2024,1,3,Illinois,12,McNeese State
2024,1,3,Illinois,12,Grand Canyon
2024,1,3,Illinois,13,Yale
2024,1,3,Illinois,13,Vermont
2024,1,3,Illinois,13,Samford
2024,1,3,Illinois,13,Charleston
2024,1,3,Illinois,14,Morehead State
2024,1,3,Illinois,14,Oakland
2024,1,3,Illinois,14,Akron
2024,1,3,Illinois,14,Colgate
2024,1,3,Illinois,15,South Dakota State
2024,1,3,Illinois,15,Western Kentucky
2024,1,3,Illinois,15,Saint Peter's
2024,1,3,Illinois,15,Long Beach State
2024,1,3,Illinois,16,Stetson
2024,1,3,Illinois,16,Longwood
2024,1,3,Illinois,16,Grambling State
2024,1,3,Illinois,16,Montana State
2024,1,3,Illinois,16,Howard
2024,1,3,Illinois,16,Wagner
2024,1,3,Kentucky,3,Creighton
2024,1,3,Kentucky,3,Baylor
2024,1,3,Kentucky,4,Auburn
2024,1,3,Kentucky,4,Duke
2024,1,3,Kentucky,4,Kansas
2024,1,3,Kentucky,4,Alabama
2024,1,3,Kentucky,5,San Diego State
2024,1,3,Kentucky,5,Wisconsin
2024,1,3,Kentucky,5,Gonzaga
2024,1,3,Kentucky,5,Saint Mary's
2024,1,3,Kentucky,6,BYU
2024,1,3,Kentucky,6,Texas Tech
2024,1,3,Kentucky,6,South Carolina
2024,1,3,Kentucky,6,Clemson
2024,1,3,Kentucky,7,Washington State
2024,1,3,Kentucky,7,Florida
2024,1,3,Kentucky,7,Texas
2024,1,3,Kentucky,7,Dayton
2024,1,3,Kentucky,8,Florida Atlantic
2024,1,3,Kentucky,8,Nebraska
2024,1,3,Kentucky,8,Utah State
2024,1,3,Kentucky,8,Mississippi State
2024,1,3,Kentucky,9,Northwestern
2024,1,3,Kentucky,9,Texas A&M
2024,1,3,Kentucky,9,TCU
2024,1,3,Kentucky,9,Michigan State
2024,1,3,Kentucky,10,Drake
2024,1,3,Kentucky,10,Boise State
2024,1,3,Kentucky,10,Colorado
2024,1,3,Kentucky,10,Colorado State
2024,1,3,Kentucky,10,Virginia
2024,1,3,Kentucky,10,Nevada
2024,1,3,Kentucky,11,Duquesne
2024,1,3,Kentucky,11,North Carolina State
2024,1,3,Kentucky,11,Oregon
2024,1,3,Kentucky,11,New Mexico
2024,1,3,Kentucky,12,UAB
2024,1,3,Kentucky,12,James Madison
2024,1,3,Kentucky,12,McNeese State
2024,1,3,Kentucky,12,Grand Canyon
2024,1,3,Kentucky,13,Yale
2024,1,3,Kentucky,13,Vermont
2024,1,3,Kentucky,13,Samford
2024,1,3,Kentucky,13,Charleston
2024,1,3,Kentucky,14,Morehead State
2024,1,3,Kentucky,14,Oakland
2024,1,3,Kentucky,14,Akron
2024,1,3,Kentucky,14,Colgate
2024,1,3,Kentucky,15,South Dakota State
2024,1,3,Kentucky,15,Western Kentucky
2024,1,3,Kentucky,15,Saint Peter's
2024,1,3,Kentucky,15,Long Beach State
2024,1,3,Kentucky,16,Stetson
2024,1,3,Kentucky,16,Longwood
2024,1,3,Kentucky,16,Grambling State
2024,1,3,Kentucky,16,Montana State
2024,1,3,Kentucky,16,Howard
2024,1,3,Kentucky,16,Wagner
2024,1,3,Creighton,3,Baylor
2024,1,3,Creighton,4,Auburn
2024,1,3,Creighton,4,Duke
2024,1,3,Creighton,4,Kansas
2024,1,3,Creighton,4,Alabama
2024,1,3,Creighton,5,San Diego State
2024,1,3,Creighton,5,Wisconsin
2024,1,3,Creighton,5,Gonzaga
2024,1,3,Creighton,5,Saint Mary's
2024,1,3,Creighton,6,BYU
2024,1,3,Creighton,6,Texas Tech
2024,1,3,Creighton,6,South Carolina
2024,1,3,Creighton,6,Clemson
2024,1,3,Creighton,7,Washington State
2024,1,3,Creighton,7,Florida
2024,1,3,Creighton,7,Texas
2024,1,3,Creighton,7,Dayton
2024,1,3,Creighton,8,Florida Atlantic
2024,1,3,Creighton,8,Nebraska
2024,1,3,Creighton,8,Utah State
2024,1,3,Creighton,8,Mississippi State
2024,1,3,Creighton,9,Northwestern
2024,1,3,Creighton,9,Texas A&M
2024,1,3,Creighton,9,TCU
2024,1,3,Creighton,9,Michigan State
2024,1,3,Creighton,10,Drake
2024,1,3,Creighton,10,Boise State
2024,1,3,Creighton,10,Colorado
2024,1,3,Creighton,10,Colorado State
2024,1,3,Creighton,10,Virginia
2024,1,3,Creighton,10,Nevada
2024,1,3,Creighton,11,Duquesne
2024,1,3,Creighton,11,North Carolina State
2024,1,3,Creighton,11,Oregon
2024,1,3,Creighton,11,New Mexico
2024,1,3,Creighton,12,UAB
2024,1,3,Creighton,12,James Madison
2024,1,3,Creighton,12,McNeese State
2024,1,3,Creighton,12,Grand Canyon
2024,1,3,Creighton,13,Yale
2024,1,3,Creighton,13,Vermont
2024,1,3,Creighton,13,Samford
2024,1,3,Creighton,13,Charleston
2024,1,3,Creighton,14,Morehead State
2024,1,3,Creighton,14,Oakland
2024,1,3,Creighton,14,Akron
2024,1,3,Creighton,14,Colgate
2024,1,3,Creighton,15,South Dakota State
2024,1,3,Creighton,15,Western Kentucky
2024,1,3,Creighton,15,Saint Peter's
2024,1,3,Creighton,15,Long Beach State
2024,1,3,Creighton,16,Stetson
2024,1,3,Creighton,16,Longwood
2024,1,3,Creighton,16,Grambling State
2024,1,3,Creighton,16,Montana State
2024,1,3,Creighton,16,Howard
2024,1,3,Creighton,16,Wagner
2024,1,3,Baylor,4,Auburn
2024,1,3,Baylor,4,Duke
2024,1,3,Baylor,4,Kansas
2024,1,3,Baylor,4,Alabama
2024,1,3,Baylor,5,San Diego State
2024,1,3,Baylor,5,Wisconsin
2024,1,3,Baylor,5,Gonzaga
2024,1,3,Baylor,5,Saint Mary's
2024,1,3,Baylor,6,BYU
2024,1,3,Baylor,6,Texas Tech
2024,1,3,Baylor,6,South Carolina
2024,1,3,Baylor,6,Clemson
2024,1,3,Baylor,7,Washington State
2024,1,3,Baylor,7,Florida
2024,1,3,Baylor,7,Texas
2024,1,3,Baylor,7,Dayton
2024,1,3,Baylor,8,Florida Atlantic
2024,1,3,Baylor,8,Nebraska
2024,1,3,Baylor,8,Utah State
2024,1,3,Baylor,8,Mississippi State
2024,1,3,Baylor,9,Northwestern
2024,1,3,Baylor,9,Texas A&M
2024,1,3,Baylor,9,TCU
2024,1,3,Baylor,9,Michigan State
2024,1,3,Baylor,10,Drake
2024,1,3,Baylor,10,Boise State
2024,1,3,Baylor,10,Colorado
2024,1,3,Baylor,10,Colorado State
2024,1,3,Baylor,10,Virginia
2024,1,3,Baylor,10,Nevada
2024,1,3,Baylor,11,Duquesne
2024,1,3,Baylor,11,North Carolina State
2024,1,3,Baylor,11,Oregon
2024,1,3,Baylor,11,New Mexico
2024,1,3,Baylor,12,UAB
2024,1,3,Baylor,12,James Madison
2024,1,3,Baylor,12,McNeese State
2024,1,3,Baylor,12,Grand Canyon
2024,1,3,Baylor,13,Yale
2024,1,3,Baylor,13,Vermont
2024,1,3,Baylor,13,Samford
2024,1,3,Baylor,13,Charleston
2024,1,3,Baylor,14,Morehead State
2024,1,3,Baylor,14,Oakland
2024,1,3,Baylor,14,Akron
2024,1,3,Baylor,14,Colgate
2024,1,3,Baylor,15,South Dakota State
2024,1,3,Baylor,15,Western Kentucky
2024,1,3,Baylor,15,Saint Peter's
2024,1,3,Baylor,15,Long Beach State
2024,1,3,Baylor,16,Stetson
2024,1,3,Baylor,16,Longwood
2024,1,3,Baylor,16,Grambling State
2024,1,3,Baylor,16,Montana State
2024,1,3,Baylor,16,Howard
2024,1,3,Baylor,16,Wagner
2024,1,4,Auburn,4,Duke
2024,1,4,Auburn,4,Kansas
2024,1,4,Auburn,4,Alabama
2024,1,4,Auburn,5,San Diego State
2024,1,4,Auburn,5,Wisconsin
2024,1,4,Auburn,5,Gonzaga
2024,1,4,Auburn,5,Saint Mary's
2024,1,4,Auburn,6,BYU
2024,1,4,Auburn,6,Texas Tech
2024,1,4,Auburn,6,South Carolina
2024,1,4,Auburn,6,Clemson
2024,1,4,Auburn,7,Washington State
2024,1,4,Auburn,7,Florida
2024,1,4,Auburn,7,Texas
2024,1,4,Auburn,7,Dayton
2024,1,4,Auburn,8,Florida Atlantic
2024,1,4,Auburn,8,Nebraska
2024,1,4,Auburn,8,Utah State
2024,1,4,Auburn,8,Mississippi State
2024,1,4,Auburn,9,Northwestern
2024,1,4,Auburn,9,Texas A&M
2024,1,4,Auburn,9,TCU
2024,1,4,Auburn,9,Michigan State
2024,1,4,Auburn,10,Drake
2024,1,4,Auburn,10,Boise State
2024,1,4,Auburn,10,Colorado
2024,1,4,Auburn,10,Colorado State
2024,1,4,Auburn,10,Virginia
2024,1,4,Auburn,10,Nevada
2024,1,4,Auburn,11,Duquesne
2024,1,4,Auburn,11,North Carolina State
2024,1,4,Auburn,11,Oregon
2024,1,4,Auburn,11,New Mexico
2024,1,4,Auburn,12,UAB
2024,1,4,Auburn,12,James Madison
2024,1,4,Auburn,12,McNeese State
2024,1,4,Auburn,12,Grand Canyon
2024,1,4,Auburn,13,Yale
2024,1,4,Auburn,13,Vermont
2024,1,4,Auburn,13,Samford
2024,1,4,Auburn,13,Charleston
2024,1,4,Auburn,14,Morehead State
2024,1,4,Auburn,14,Oakland
2024,1,4,Auburn,14,Akron
2024,1,4,Auburn,14,Colgate
2024,1,4,Auburn,15,South Dakota State
2024,1,4,Auburn,15,Western Kentucky
2024,1,4,Auburn,15,Saint Peter's
2024,1,4,Auburn,15,Long Beach State
2024,1,4,Auburn,16,Stetson
2024,1,4,Auburn,16,Longwood
2024,1,4,Auburn,16,Grambling State
2024,1,4,Auburn,16,Montana State
2024,1,4,Auburn,16,Howard
2024,1,4,Auburn,16,Wagner
2024,1,4,Duke,4,Kansas
2024,1,4,Duke,4,Alabama
2024,1,4,Duke,5,San Diego State
2024,1,4,Duke,5,Wisconsin
2024,1,4,Duke,5,Gonzaga
2024,1,4,Duke,5,Saint Mary's
2024,1,4,Duke,6,BYU
2024,1,4,Duke,6,Texas Tech
2024,1,4,Duke,6,South Carolina
2024,1,4,Duke,6,Clemson
2024,1,4,Duke,7,Washington State
2024,1,4,Duke,7,Florida
2024,1,4,Duke,7,Texas
2024,1,4,Duke,7,Dayton
2024,1,4,Duke,8,Florida Atlantic
2024,1,4,Duke,8,Nebraska
2024,1,4,Duke,8,Utah State
2024,1,4,Duke,8,Mississippi State
2024,1,4,Duke,9,Northwestern
2024,1,4,Duke,9,Texas A&M
2024,1,4,Duke,9,TCU
2024,1,4,Duke,9,Michigan State
2024,1,4,Duke,10,Drake
2024,1,4,Duke,10,Boise State
2024,1,4,Duke,10,Colorado
2024,1,4,Duke,10,Colorado State
2024,1,4,Duke,10,Virginia
2024,1,4,Duke,10,Nevada
2024,1,4,Duke,11,Duquesne
2024,1,4,Duke,11,North Carolina State
2024,1,4,Duke,11,Oregon
2024,1,4,Duke,11,New Mexico
2024,1,4,Duke,12,UAB
2024,1,4,Duke,12,James Madison
2024,1,4,Duke,12,McNeese State
2024,1,4,Duke,12,Grand Canyon
2024,1,4,Duke,13,Yale
2024,1,4,Duke,13,Vermont
2024,1,4,Duke,13,Samford
2024,1,4,Duke,13,Charleston
2024,1,4,Duke,14,Morehead State
2024,1,4,Duke,14,Oakland
2024,1,4,Duke,14,Akron
2024,1,4,Duke,14,Colgate
2024,1,4,Duke,15,South Dakota State
2024,1,4,Duke,15,Western Kentucky
2024,1,4,Duke,15,Saint Peter's
2024,1,4,Duke,15,Long Beach State
2024,1,4,Duke,16,Stetson
2024,1,4,Duke,16,Longwood
2024,1,4,Duke,16,Grambling State
2024,1,4,Duke,16,Montana State
2024,1,4,Duke,16,Howard
2024,1,4,Duke,16,Wagner
2024,1,4,Kansas,4,Alabama
2024,1,4,Kansas,5,San Diego State
2024,1,4,Kansas,5,Wisconsin
2024,1,4,Kansas,5,Gonzaga
2024,1,4,Kansas,5,Saint Mary's
2024,1,4,Kansas,6,BYU
2024,1,4,Kansas,6,Texas Tech
2024,1,4,Kansas,6,South Carolina
2024,1,4,Kansas,6,Clemson
2024,1,4,Kansas,7,Washington State
2024,1,4,Kansas,7,Florida
2024,1,4,Kansas,7,Texas
2024,1,4,Kansas,7,Dayton
2024,1,4,Kansas,8,Florida Atlantic
2024,1,4,Kansas,8,Nebraska
2024,1,4,Kansas,8,Utah State
2024,1,4,Kansas,8,Mississippi State
2024,1,4,Kansas,9,Northwestern
2024,1,4,Kansas,9,Texas A&M
2024,1,4,Kansas,9,TCU
2024,1,4,Kansas,9,Michigan State
2024,1,4,Kansas,10,Drake
2024,1,4,Kansas,10,Boise State
2024,1,4,Kansas,10,Colorado
2024,1,4,Kansas,10,Colorado State
2024,1,4,Kansas,10,Virginia
2024,1,4,Kansas,10,Nevada
2024,1,4,Kansas,11,Duquesne
2024,1,4,Kansas,11,North Carolina State
2024,1,4,Kansas,11,Oregon
2024,1,4,Kansas,11,New Mexico
2024,1,4,Kansas,12,UAB
2024,1,4,Kansas,12,James Madison
2024,1,4,Kansas,12,McNeese State
2024,1,4,Kansas,12,Grand Canyon
2024,1,4,Kansas,13,Yale
2024,1,4,Kansas,13,Vermont
2024,1,4,Kansas,13,Samford
2024,1,4,Kansas,13,Charleston
2024,1,4,Kansas,14,Morehead State
2024,1,4,Kansas,14,Oakland
2024,1,4,Kansas,14,Akron
2024,1,4,Kansas,14,Colgate
2024,1,4,Kansas,15,South Dakota State
2024,1,4,Kansas,15,Western Kentucky
2024,1,4,Kansas,15,Saint Peter's
2024,1,4,Kansas,15,Long Beach State
2024,1,4,Kansas,16,Stetson
2024,1,4,Kansas,16,Longwood
2024,1,4,Kansas,16,Grambling State
2024,1,4,Kansas,16,Montana State
2024,1,4,Kansas,16,Howard
2024,1,4,Kansas,16,Wagner
2024,1,4,Alabama,5,San Diego State
2024,1,4,Alabama,5,Wisconsin
2024,1,4,Alabama,5,Gonzaga
2024,1,4,Alabama,5,Saint Mary's
2024,1,4,Alabama,6,BYU
2024,1,4,Alabama,6,Texas Tech
2024,1,4,Alabama,6,South Carolina
2024,1,4,Alabama,6,Clemson
2024,1,4,Alabama,7,Washington State
2024,1,4,Alabama,7,Florida
2024,1,4,Alabama,7,Texas
2024,1,4,Alabama,7,Dayton
2024,1,4,Alabama,8,Florida Atlantic
2024,1,4,Alabama,8,Nebraska
2024,1,4,Alabama,8,Utah State
2024,1,4,Alabama,8,Mississippi State
2024,1,4,Alabama,9,Northwestern
2024,1,4,Alabama,9,Texas A&M
2024,1,4,Alabama,9,TCU
2024,1,4,Alabama,9,Michigan State
2024,1,4,Alabama,10,Drake
2024,1,4,Alabama,10,Boise State
2024,1,4,Alabama,10,Colorado
2024,1,4,Alabama,10,Colorado State
2024,1,4,Alabama,10,Virginia
2024,1,4,Alabama,10,Nevada
2024,1,4,Alabama,11,Duquesne
2024,1,4,Alabama,11,North Carolina State
2024,1,4,Alabama,11,Oregon
2024,1,4,Alabama,11,New Mexico
2024,1,4,Alabama,12,UAB
2024,1,4,Alabama,12,James Madison
2024,1,4,Alabama,12,McNeese State
2024,1,4,Alabama,12,Grand Canyon
2024,1,4,Alabama,13,Yale
2024,1,4,Alabama,13,Vermont
2024,1,4,Alabama,13,Samford
2024,1,4,Alabama,13,Charleston
2024,1,4,Alabama,14,Morehead State
2024,1,4,Alabama,14,Oakland
2024,1,4,Alabama,14,Akron
2024,1,4,Alabama,14,Colgate
2024,1,4,Alabama,15,South Dakota State
2024,1,4,Alabama,15,Western Kentucky
2024,1,4,Alabama,15,Saint Peter's
2024,1,4,Alabama,15,Long Beach State
2024,1,4,Alabama,16,Stetson
2024,1,4,Alabama,16,Longwood
2024,1,4,Alabama,16,Grambling State
2024,1,4,Alabama,16,Montana State
2024,1,4,Alabama,16,Howard
2024,1,4,Alabama,16,Wagner
2024,1,5,San Diego State,5,Wisconsin
2024,1,5,San Diego State,5,Gonzaga
2024,1,5,San Diego State,5,Saint Mary's
2024,1,5,San Diego State,6,BYU
2024,1,5,San Diego State,6,Texas Tech
2024,1,5,San Diego State,6,South Carolina
2024,1,5,San Diego State,6,Clemson
2024,1,5,San Diego State,7,Washington State
2024,1,5,San Diego State,7,Florida
2024,1,5,San Diego State,7,Texas
2024,1,5,San Diego State,7,Dayton
2024,1,5,San Diego State,8,Florida Atlantic
2024,1,5,San Diego State,8,Nebraska
2024,1,5,San Diego State,8,Utah State
2024,1,5,San Diego State,8,Mississippi State
2024,1,5,San Diego State,9,Northwestern
2024,1,5,San Diego State,9,Texas A&M
2024,1,5,San Diego State,9,TCU
2024,1,5,San Diego State,9,Michigan State
2024,1,5,San Diego State,10,Drake
2024,1,5,San Diego State,10,Boise State
2024,1,5,San Diego State,10,Colorado
2024,1,5,San Diego State,10,Colorado State
2024,1,5,San Diego State,10,Virginia
2024,1,5,San Diego State,10,Nevada
2024,1,5,San Diego State,11,Duquesne
2024,1,5,San Diego State,11,North Carolina State
2024,1,5,San Diego State,11,Oregon
2024,1,5,San Diego State,11,New Mexico
2024,1,5,San Diego State,12,UAB
2024,1,5,San Diego State,12,James Madison
2024,1,5,San Diego State,12,McNeese State
2024,1,5,San Diego State,12,Grand Canyon
2024,1,5,San Diego State,13,Yale
2024,1,5,San Diego State,13,Vermont
2024,1,5,San Diego State,13,Samford
2024,1,5,San Diego State,13,Charleston
2024,1,5,San Diego State,14,Morehead State
2024,1,5,San Diego State,14,Oakland
2024,1,5,San Diego State,14,Akron
2024,1,5,San Diego State,14,Colgate
2024,1,5,San Diego State,15,South Dakota State
2024,1,5,San Diego State,15,Western Kentucky
2024,1,5,San Diego State,15,Saint Peter's
2024,1,5,San Diego State,15,Long Beach State
2024,1,5,San Diego State,16,Stetson
2024,1,5,San Diego State,16,Longwood
2024,1,5,San Diego State,16,Grambling State
2024,1,5,San Diego State,16,Montana State
2024,1,5,San Diego State,16,Howard
2024,1,5,San Diego State,16,Wagner
2024,1,5,Wisconsin,5,Gonzaga
2024,1,5,Wisconsin,5,Saint Mary's
2024,1,5,Wisconsin,6,BYU
2024,1,5,Wisconsin,6,Texas Tech
2024,1,5,Wisconsin,6,South Carolina
2024,1,5,Wisconsin,6,Clemson
2024,1,5,Wisconsin,7,Washington State
2024,1,5,Wisconsin,7,Florida
2024,1,5,Wisconsin,7,Texas
2024,1,5,Wisconsin,7,Dayton
2024,1,5,Wisconsin,8,Florida Atlantic
2024,1,5,Wisconsin,8,Nebraska
2024,1,5,Wisconsin,8,Utah State
2024,1,5,Wisconsin,8,Mississippi State
2024,1,5,Wisconsin,9,Northwestern
2024,1,5,Wisconsin,9,Texas A&M
2024,1,5,Wisconsin,9,TCU
2024,1,5,Wisconsin,9,Michigan State
2024,1,5,Wisconsin,10,Drake
2024,1,5,Wisconsin,10,Boise State
2024,1,5,Wisconsin,10,Colorado
2024,1,5,Wisconsin,10,Colorado State
2024,1,5,Wisconsin,10,Virginia
2024,1,5,Wisconsin,10,Nevada
2024,1,5,Wisconsin,11,Duquesne
2024,1,5,Wisconsin,11,North Carolina State
2024,1,5,Wisconsin,11,Oregon
2024,1,5,Wisconsin,11,New Mexico
2024,1,5,Wisconsin,12,UAB
2024,1,5,Wisconsin,12,James Madison
2024,1,5,Wisconsin,12,McNeese State
2024,1,5,Wisconsin,12,Grand Canyon
2024,1,5,Wisconsin,13,Yale
2024,1,5,Wisconsin,13,Vermont
2024,1,5,Wisconsin,13,Samford
2024,1,5,Wisconsin,13,Charleston
2024,1,5,Wisconsin,14,Morehead State
2024,1,5,Wisconsin,14,Oakland
2024,1,5,Wisconsin,14,Akron
2024,1,5,Wisconsin,14,Colgate
2024,1,5,Wisconsin,15,South Dakota State
2024,1,5,Wisconsin,15,Western Kentucky
2024,1,5,Wisconsin,15,Saint Peter's
2024,1,5,Wisconsin,15,Long Beach State
2024,1,5,Wisconsin,16,Stetson
2024,1,5,Wisconsin,16,Longwood
2024,1,5,Wisconsin,16,Grambling State
2024,1,5,Wisconsin,16,Montana State
2024,1,5,Wisconsin,16,Howard
2024,1,5,Wisconsin,16,Wagner
2024,1,5,Gonzaga,5,Saint Mary's
2024,1,5,Gonzaga,6,BYU
2024,1,5,Gonzaga,6,Texas Tech
2024,1,5,Gonzaga,6,South Carolina
2024,1,5,Gonzaga,6,Clemson
2024,1,5,Gonzaga,7,Washington State
2024,1,5,Gonzaga,7,Florida
2024,1,5,Gonzaga,7,Texas
2024,1,5,Gonzaga,7,Dayton
2024,1,5,Gonzaga,8,Florida Atlantic
2024,1,5,Gonzaga,8,Nebraska
2024,1,5,Gonzaga,8,Utah State
2024,1,5,Gonzaga,8,Mississippi State
2024,1,5,Gonzaga,9,Northwestern
2024,1,5,Gonzaga,9,Texas A&M
2024,1,5,Gonzaga,9,TCU
2024,1,5,Gonzaga,9,Michigan State
2024,1,5,Gonzaga,10,Drake
2024,1,5,Gonzaga,10,Boise State
2024,1,5,Gonzaga,10,Colorado
2024,1,5,Gonzaga,10,Colorado State
2024,1,5,Gonzaga,10,Virginia
2024,1,5,Gonzaga,10,Nevada
2024,1,5,Gonzaga,11,Duquesne
2024,1,5,Gonzaga,11,North Carolina State
2024,1,5,Gonzaga,11,Oregon
2024,1,5,Gonzaga,11,New Mexico
2024,1,5,Gonzaga,12,UAB
2024,1,5,Gonzaga,12,James Madison
2024,1,5,Gonzaga,12,McNeese State
2024,1,5,Gonzaga,12,Grand Canyon
2024,1,5,Gonzaga,13,Yale
2024,1,5,Gonzaga,13,Vermont
2024,1,5,Gonzaga,13,Samford
2024,1,5,Gonzaga,13,Charleston
2024,1,5,Gonzaga,14,Morehead State
2024,1,5,Gonzaga,14,Oakland
2024,1,5,Gonzaga,14,Akron
2024,1,5,Gonzaga,14,Colgate
2024,1,5,Gonzaga,15,South Dakota State
2024,1,5,Gonzaga,15,Western Kentucky
2024,1,5,Gonzaga,15,Saint Peter's
2024,1,5,Gonzaga,15,Long Beach State
2024,1,5,Gonzaga,16,Stetson
2024,1,5,Gonzaga,16,Longwood
2024,1,5,Gonzaga,16,Grambling State
2024,1,5,Gonzaga,16,Montana State
2024,1,5,Gonzaga,16,Howard
2024,1,5,Gonzaga,16,Wagner
2024,1,5,Saint Mary's,6,BYU
2024,1,5,Saint Mary's,6,Texas Tech
2024,1,5,Saint Mary's,6,South Carolina
2024,1,5,Saint Mary's,6,Clemson
2024,1,5,Saint Mary's,7,Washington State
2024,1,5,Saint Mary's,7,Florida
2024,1,5,Saint Mary's,7,Texas
2024,1,5,Saint Mary's,7,Dayton
2024,1,5,Saint Mary's,8,Florida Atlantic
2024,1,5,Saint Mary's,8,Nebraska
2024,1,5,Saint Mary's,8,Utah State
2024,1,5,Saint Mary's,8,Mississippi State
2024,1,5,Saint Mary's,9,Northwestern
2024,1,5,Saint Mary's,9,Texas A&M
2024,1,5,Saint Mary's,9,TCU
2024,1,5,Saint Mary's,9,Michigan State
2024,1,5,Saint Mary's,10,Drake
2024,1,5,Saint Mary's,10,Boise State
2024,1,5,Saint Mary's,10,Colorado
2024,1,5,Saint Mary's,10,Colorado State
2024,1,5,Saint Mary's,10,Virginia
2024,1,5,Saint Mary's,10,Nevada
2024,1,5,Saint Mary's,11,Duquesne
2024,1,5,Saint Mary's,11,North Carolina State
2024,1,5,Saint Mary's,11,Oregon
2024,1,5,Saint Mary's,11,New Mexico
2024,1,5,Saint Mary's,12,UAB
2024,1,5,Saint Mary's,12,James Madison
2024,1,5,Saint Mary's,12,McNeese State
2024,1,5,Saint Mary's,12,Grand Canyon
2024,1,5,Saint Mary's,13,Yale
2024,1,5,Saint Mary's,13,Vermont
2024,1,5,Saint Mary's,13,Samford
2024,1,5,Saint Mary's,13,Charleston
2024,1,5,Saint Mary's,14,Morehead State
2024,1,5,Saint Mary's,14,Oakland
2024,1,5,Saint Mary's,14,Akron
2024,1,5,Saint Mary's,14,Colgate
2024,1,5,Saint Mary's,15,South Dakota State
2024,1,5,Saint Mary's,15,Western Kentucky
2024,1,5,Saint Mary's,15,Saint Peter's
2024,1,5,Saint Mary's,15,Long Beach State
2024,1,5,Saint Mary's,16,Stetson
2024,1,5,Saint Mary's,16,Longwood
2024,1,5,Saint Mary's,16,Grambling State
2024,1,5,Saint Mary's,16,Montana State
2024,1,5,Saint Mary's,16,Howard
2024,1,5,Saint Mary's,16,Wagner
2024,1,6,BYU,6,Texas Tech
2024,1,6,BYU,6,South Carolina
2024,1,6,BYU,6,Clemson
2024,1,6,BYU,7,Washington State
2024,1,6,BYU,7,Florida
2024,1,6,BYU,7,Texas
2024,1,6,BYU,7,Dayton
2024,1,6,BYU,8,Florida Atlantic
2024,1,6,BYU,8,Nebraska
2024,1,6,BYU,8,Utah State
2024,1,6,BYU,8,Mississippi State
2024,1,6,BYU,9,Northwestern
2024,1,6,BYU,9,Texas A&M
2024,1,6,BYU,9,TCU
2024,1,6,BYU,9,Michigan State
2024,1,6,BYU,10,Drake
2024,1,6,BYU,10,Boise State
2024,1,6,BYU,10,Colorado
2024,1,6,BYU,10,Colorado State
2024,1,6,BYU,10,Virginia
2024,1,6,BYU,10,Nevada
2024,1,6,BYU,11,Duquesne
2024,1,6,BYU,11,North Carolina State
2024,1,6,BYU,11,Oregon
2024,1,6,BYU,11,New Mexico
2024,1,6,BYU,12,UAB
2024,1,6,BYU,12,James Madison
2024,1,6,BYU,12,McNeese State
2024,1,6,BYU,12,Grand Canyon
2024,1,6,BYU,13,Yale
2024,1,6,BYU,13,Vermont
2024,1,6,BYU,13,Samford
2024,1,6,BYU,13,Charleston
2024,1,6,BYU,14,Morehead State
2024,1,6,BYU,14,Oakland
2024,1,6,BYU,14,Akron
2024,1,6,BYU,14,Colgate
2024,1,6,BYU,15,South Dakota State
2024,1,6,BYU,15,Western Kentucky
2024,1,6,BYU,15,Saint Peter's
2024,1,6,BYU,15,Long Beach State
2024,1,6,BYU,16,Stetson
2024,1,6,BYU,16,Longwood
2024,1,6,BYU,16,Grambling State
2024,1,6,BYU,16,Montana State
2024,1,6,BYU,16,Howard
2024,1,6,BYU,16,Wagner
2024,1,6,Texas Tech,6,South Carolina
2024,1,6,Texas Tech,6,Clemson
2024,1,6,Texas Tech,7,Washington State
2024,1,6,Texas Tech,7,Florida
2024,1,6,Texas Tech,7,Texas
2024,1,6,Texas Tech,7,Dayton
2024,1,6,Texas Tech,8,Florida Atlantic
2024,1,6,Texas Tech,8,Nebraska
2024,1,6,Texas Tech,8,Utah State
2024,1,6,Texas Tech,8,Mississippi State
2024,1,6,Texas Tech,9,Northwestern
2024,1,6,Texas Tech,9,Texas A&M
2024,1,6,Texas Tech,9,TCU
2024,1,6,Texas Tech,9,Michigan State
2024,1,6,Texas Tech,10,Drake
2024,1,6,Texas Tech,10,Boise State
2024,1,6,Texas Tech,10,Colorado
2024,1,6,Texas Tech,10,Colorado State
2024,1,6,Texas Tech,10,Virginia
2024,1,6,Texas Tech,10,Nevada
2024,1,6,Texas Tech,11,Duquesne
2024,1,6,Texas Tech,11,North Carolina State
2024,1,6,Texas Tech,11,Oregon
2024,1,6,Texas Tech,11,New Mexico
2024,1,6,Texas Tech,12,UAB
2024,1,6,Texas Tech,12,James Madison
2024,1,6,Texas Tech,12,McNeese State
2024,1,6,Texas Tech,12,Grand Canyon
2024,1,6,Texas Tech,13,Yale
2024,1,6,Texas Tech,13,Vermont
2024,1,6,Texas Tech,13,Samford
2024,1,6,Texas Tech,13,Charleston
2024,1,6,Texas Tech,14,Morehead State
2024,1,6,Texas Tech,14,Oakland
2024,1,6,Texas Tech,14,Akron
2024,1,6,Texas Tech,14,Colgate
2024,1,6,Texas Tech,15,South Dakota State
2024,1,6,Texas Tech,15,Western Kentucky
2024,1,6,Texas Tech,15,Saint Peter's
2024,1,6,Texas Tech,15,Long Beach State
2024,1,6,Texas Tech,16,Stetson
2024,1,6,Texas Tech,16,Longwood
2024,1,6,Texas Tech,16,Grambling State
2024,1,6,Texas Tech,16,Montana State
2024,1,6,Texas Tech,16,Howard
2024,1,6,Texas Tech,16,Wagner
2024,1,6,South Carolina,6,Clemson
2024,1,6,South Carolina,7,Washington State
2024,1,6,South Carolina,7,Florida
2024,1,6,South Carolina,7,Texas
2024,1,6,South Carolina,7,Dayton
2024,1,6,South Carolina,8,Florida Atlantic
2024,1,6,South Carolina,8,Nebraska
2024,1,6,South Carolina,8,Utah State
2024,1,6,South Carolina,8,Mississippi State
2024,1,6,South Carolina,9,Northwestern
2024,1,6,South Carolina,9,Texas A&M
2024,1,6,South Carolina,9,TCU
2024,1,6,South Carolina,9,Michigan State
2024,1,6,South Carolina,10,Drake
2024,1,6,South Carolina,10,Boise State
2024,1,6,South Carolina,10,Colorado
2024,1,6,South Carolina,10,Colorado State
2024,1,6,South Carolina,10,Virginia
2024,1,6,South Carolina,10,Nevada
2024,1,6,South Carolina,11,Duquesne
2024,1,6,South Carolina,11,North Carolina State
2024,1,6,South Carolina,11,Oregon
2024,1,6,South Carolina,11,New Mexico
2024,1,6,South Carolina,12,UAB
2024,1,6,South Carolina,12,James Madison
2024,1,6,South Carolina,12,McNeese State
2024,1,6,South Carolina,12,Grand Canyon
2024,1,6,South Carolina,13,Yale
2024,1,6,South Carolina,13,Vermont
2024,1,6,South Carolina,13,Samford
2024,1,6,South Carolina,13,Charleston
2024,1,6,South Carolina,14,Morehead State
2024,1,6,South Carolina,14,Oakland
2024,1,6,South Carolina,14,Akron
2024,1,6,South Carolina,14,Colgate
2024,1,6,South Carolina,15,South Dakota State
2024,1,6,South Carolina,15,Western Kentucky
2024,1,6,South Carolina,15,Saint Peter's
2024,1,6,South Carolina,15,Long Beach State
2024,1,6,South Carolina,16,Stetson
2024,1,6,South Carolina,16,Longwood
2024,1,6,South Carolina,16,Grambling State
2024,1,6,South Carolina,16,Montana State
2024,1,6,South Carolina,16,Howard
2024,1,6,South Carolina,16,Wagner
2024,1,6,Clemson,7,Washington State
2024,1,6,Clemson,7,Florida
2024,1,6,Clemson,7,Texas
2024,1,6,Clemson,7,Dayton
2024,1,6,Clemson,8,Florida Atlantic
2024,1,6,Clemson,8,Nebraska
2024,1,6,Clemson,8,Utah State
2024,1,6,Clemson,8,Mississippi State
2024,1,6,Clemson,9,Northwestern
2024,1,6,Clemson,9,Texas A&M
2024,1,6,Clemson,9,TCU
2024,1,6,Clemson,9,Michigan State
2024,1,6,Clemson,10,Drake
2024,1,6,Clemson,10,Boise State
2024,1,6,Clemson,10,Colorado
2024,1,6,Clemson,10,Colorado State
2024,1,6,Clemson,10,Virginia
2024,1,6,Clemson,10,Nevada
2024,1,6,Clemson,11,Duquesne
2024,1,6,Clemson,11,North Carolina State
2024,1,6,Clemson,11,Oregon
2024,1,6,Clemson,11,New Mexico
2024,1,6,Clemson,12,UAB
2024,1,6,Clemson,12,James Madison
2024,1,6,Clemson,12,McNeese State
2024,1,6,Clemson,12,Grand Canyon
2024,1,6,Clemson,13,Yale
2024,1,6,Clemson,13,Vermont
2024,1,6,Clemson,13,Samford
2024,1,6,Clemson,13,Charleston
2024,1,6,Clemson,14,Morehead State
2024,1,6,Clemson,14,Oakland
2024,1,6,Clemson,14,Akron
2024,1,6,Clemson,14,Colgate
2024,1,6,Clemson,15,South Dakota State
2024,1,6,Clemson,15,Western Kentucky
2024,1,6,Clemson,15,Saint Peter's
2024,1,6,Clemson,15,Long Beach State
2024,1,6,Clemson,16,Stetson
2024,1,6,Clemson,16,Longwood
2024,1,6,Clemson,16,Grambling State
2024,1,6,Clemson,16,Montana State
2024,1,6,Clemson,16,Howard
2024,1,6,Clemson,16,Wagner
2024,1,7,Washington State,7,Florida
2024,1,7,Washington State,7,Texas
2024,1,7,Washington State,7,Dayton
2024,1,7,Washington State,8,Florida Atlantic
2024,1,7,Washington State,8,Nebraska
2024,1,7,Washington State,8,Utah State
2024,1,7,Washington State,8,Mississippi State
2024,1,7,Washington State,9,Northwestern
2024,1,7,Washington State,9,Texas A&M
2024,1,7,Washington State,9,TCU
2024,1,7,Washington State,9,Michigan State
2024,1,7,Washington State,10,Drake
2024,1,7,Washington State,10,Boise State
2024,1,7,Washington State,10,Colorado
2024,1,7,Washington State,10,Colorado State
2024,1,7,Washington State,10,Virginia
2024,1,7,Washington State,10,Nevada
2024,1,7,Washington State,11,Duquesne
2024,1,7,Washington State,11,North Carolina State
2024,1,7,Washington State,11,Oregon
2024,1,7,Washington State,11,New Mexico
2024,1,7,Washington State,12,UAB
2024,1,7,Washington State,12,James Madison
2024,1,7,Washington State,12,McNeese State
2024,1,7,Washington State,12,Grand Canyon
2024,1,7,Washington State,13,Yale
2024,1,7,Washington State,13,Vermont
2024,1,7,Washington State,13,Samford
2024,1,7,Washington State,13,Charleston
2024,1,7,Washington State,14,Morehead State
2024,1,7,Washington State,14,Oakland
2024,1,7,Washington State,14,Akron
2024,1,7,Washington State,14,Colgate
2024,1,7,Washington State,15,South Dakota State
2024,1,7,Washington State,15,Western Kentucky
2024,1,7,Washington State,15,Saint Peter's
2024,1,7,Washington State,15,Long Beach State
2024,1,7,Washington State,16,Stetson
2024,1,7,Washington State,16,Longwood
2024,1,7,Washington State,16,Grambling State
2024,1,7,Washington State,16,Montana State
2024,1,7,Washington State,16,Howard
2024,1,7,Washington State,16,Wagner
2024,1,7,Florida,7,Texas
2024,1,7,Florida,7,Dayton
2024,1,7,Florida,8,Florida Atlantic
2024,1,7,Florida,8,Nebraska
2024,1,7,Florida,8,Utah State
2024,1,7,Florida,8,Mississippi State
2024,1,7,Florida,9,Northwestern
2024,1,7,Florida,9,Texas A&M
2024,1,7,Florida,9,TCU
2024,1,7,Florida,9,Michigan State
2024,1,7,Florida,10,Drake
2024,1,7,Florida,10,Boise State
2024,1,7,Florida,10,Colorado
2024,1,7,Florida,10,Colorado State
2024,1,7,Florida,10,Virginia
2024,1,7,Florida,10,Nevada
2024,1,7,Florida,11,Duquesne
2024,1,7,Florida,11,North Carolina State
2024,1,7,Florida,11,Oregon
2024,1,7,Florida,11,New Mexico
2024,1,7,Florida,12,UAB
2024,1,7,Florida,12,James Madison
2024,1,7,Florida,12,McNeese State
2024,1,7,Florida,12,Grand Canyon
2024,1,7,Florida,13,Yale
2024,1,7,Florida,13,Vermont
2024,1,7,Florida,13,Samford
2024,1,7,Florida,13,Charleston
2024,1,7,Florida,14,Morehead State
2024,1,7,Florida,14,Oakland
2024,1,7,Florida,14,Akron
2024,1,7,Florida,14,Colgate
2024,1,7,Florida,15,South Dakota State
2024,1,7,Florida,15,Western Kentucky
2024,1,7,Florida,15,Saint Peter's
2024,1,7,Florida,15,Long Beach State
2024,1,7,Florida,16,Stetson
2024,1,7,Florida,16,Longwood
2024,1,7,Florida,16,Grambling State
2024,1,7,Florida,16,Montana State
2024,1,7,Florida,16,Howard
2024,1,7,Florida,16,Wagner
2024,1,7,Texas,7,Dayton
2024,1,7,Texas,8,Florida Atlantic
2024,1,7,Texas,8,Nebraska
2024,1,7,Texas,8,Utah State
2024,1,7,Texas,8,Mississippi State
2024,1,7,Texas,9,Northwestern
2024,1,7,Texas,9,Texas A&M
2024,1,7,Texas,9,TCU
2024,1,7,Texas,9,Michigan State
2024,1,7,Texas,10,Drake
2024,1,7,Texas,10,Boise State
2024,1,7,Texas,10,Colorado
2024,1,7,Texas,10,Colorado State
2024,1,7,Texas,10,Virginia
2024,1,7,Texas,10,Nevada
2024,1,7,Texas,11,Duquesne
2024,1,7,Texas,11,North Carolina State
2024,1,7,Texas,11,Oregon
2024,1,7,Texas,11,New Mexico
2024,1,7,Texas,12,UAB
2024,1,7,Texas,12,James Madison
2024,1,7,Texas,12,McNeese State
2024,1,7,Texas,12,Grand Canyon
2024,1,7,Texas,13,Yale
2024,1,7,Texas,13,Vermont
2024,1,7,Texas,13,Samford
2024,1,7,Texas,13,Charleston
2024,1,7,Texas,14,Morehead State
2024,1,7,Texas,14,Oakland
2024,1,7,Texas,14,Akron
2024,1,7,Texas,14,Colgate
2024,1,7,Texas,15,South Dakota State
2024,1,7,Texas,15,Western Kentucky
2024,1,7,Texas,15,Saint Peter's
2024,1,7,Texas,15,Long Beach State
2024,1,7,Texas,16,Stetson
2024,1,7,Texas,16,Longwood
2024,1,7,Texas,16,Grambling State
2024,1,7,Texas,16,Montana State
2024,1,7,Texas,16,Howard
2024,1,7,Texas,16,Wagner
2024,1,7,Dayton,8,Florida Atlantic
2024,1,7,Dayton,8,Nebraska
2024,1,7,Dayton,8,Utah State
2024,1,7,Dayton,8,Mississippi State
2024,1,7,Dayton,9,Northwestern
2024,1,7,Dayton,9,Texas A&M
2024,1,7,Dayton,9,TCU
2024,1,7,Dayton,9,Michigan State
2024,1,7,Dayton,10,Drake
2024,1,7,Dayton,10,Boise State
2024,1,7,Dayton,10,Colorado
2024,1,7,Dayton,10,Colorado State
2024,1,7,Dayton,10,Virginia
2024,1,7,Dayton,10,Nevada
2024,1,7,Dayton,11,Duquesne
2024,1,7,Dayton,11,North Carolina State
2024,1,7,Dayton,11,Oregon
2024,1,7,Dayton,11,New Mexico
2024,1,7,Dayton,12,UAB
2024,1,7,Dayton,12,James Madison
2024,1,7,Dayton,12,McNeese State
2024,1,7,Dayton,12,Grand Canyon
2024,1,7,Dayton,13,Yale
2024,1,7,Dayton,13,Vermont
2024,1,7,Dayton,13,Samford
2024,1,7,Dayton,13,Charleston
2024,1,7,Dayton,14,Morehead State
2024,1,7,Dayton,14,Oakland
2024,1,7,Dayton,14,Akron
2024,1,7,Dayton,14,Colgate
2024,1,7,Dayton,15,South Dakota State
2024,1,7,Dayton,15,Western Kentucky
2024,1,7,Dayton,15,Saint Peter's
2024,1,7,Dayton,15,Long Beach State
2024,1,7,Dayton,16,Stetson
2024,1,7,Dayton,16,Longwood
2024,1,7,Dayton,16,Grambling State
2024,1,7,Dayton,16,Montana State
2024,1,7,Dayton,16,Howard
2024,1,7,Dayton,16,Wagner
2024,1,8,Florida Atlantic,8,Nebraska
2024,1,8,Florida Atlantic,8,Utah State
2024,1,8,Florida Atlantic,8,Mississippi State
2024,1,8,Florida Atlantic,9,Northwestern
2024,1,8,Florida Atlantic,9,Texas A&M
2024,1,8,Florida Atlantic,9,TCU
2024,1,8,Florida Atlantic,9,Michigan State
2024,1,8,Florida Atlantic,10,Drake
2024,1,8,Florida Atlantic,10,Boise State
2024,1,8,Florida Atlantic,10,Colorado
2024,1,8,Florida Atlantic,10,Colorado State
2024,1,8,Florida Atlantic,10,Virginia
2024,1,8,Florida Atlantic,10,Nevada
2024,1,8,Florida Atlantic,11,Duquesne
2024,1,8,Florida Atlantic,11,North Carolina State
2024,1,8,Florida Atlantic,11,Oregon
2024,1,8,Florida Atlantic,11,New Mexico
2024,1,8,Florida Atlantic,12,UAB
2024,1,8,Florida Atlantic,12,James Madison
2024,1,8,Florida Atlantic,12,McNeese State
2024,1,8,Florida Atlantic,12,Grand Canyon
2024,1,8,Florida Atlantic,13,Yale
2024,1,8,Florida Atlantic,13,Vermont
2024,1,8,Florida Atlantic,13,Samford
2024,1,8,Florida Atlantic,13,Charleston
2024,1,8,Florida Atlantic,14,Morehead State
2024,1,8,Florida Atlantic,14,Oakland
2024,1,8,Florida Atlantic,14,Akron
2024,1,8,Florida Atlantic,14,Colgate
2024,1,8,Florida Atlantic,15,South Dakota State
2024,1,8,Florida Atlantic,15,Western Kentucky
2024,1,8,Florida Atlantic,15,Saint Peter's
2024,1,8,Florida Atlantic,15,Long Beach State
2024,1,8,Florida Atlantic,16,Stetson
2024,1,8,Florida Atlantic,16,Longwood
2024,1,8,Florida Atlantic,16,Grambling State
2024,1,8,Florida Atlantic,16,Montana State
2024,1,8,Florida Atlantic,16,Howard
2024,1,8,Florida Atlantic,16,Wagner
2024,1,8,Nebraska,8,Utah State
2024,1,8,Nebraska,8,Mississippi State
2024,1,8,Nebraska,9,Northwestern
2024,1,8,Nebraska,9,Texas A&M
2024,1,8,Nebraska,9,TCU
2024,1,8,Nebraska,9,Michigan State
2024,1,8,Nebraska,10,Drake
2024,1,8,Nebraska,10,Boise State
2024,1,8,Nebraska,10,Colorado
2024,1,8,Nebraska,10,Colorado State
2024,1,8,Nebraska,10,Virginia
2024,1,8,Nebraska,10,Nevada
2024,1,8,Nebraska,11,Duquesne
2024,1,8,Nebraska,11,North Carolina State
2024,1,8,Nebraska,11,Oregon
2024,1,8,Nebraska,11,New Mexico
2024,1,8,Nebraska,12,UAB
2024,1,8,Nebraska,12,James Madison
2024,1,8,Nebraska,12,McNeese State
2024,1,8,Nebraska,12,Grand Canyon
2024,1,8,Nebraska,13,Yale
2024,1,8,Nebraska,13,Vermont
2024,1,8,Nebraska,13,Samford
2024,1,8,Nebraska,13,Charleston
2024,1,8,Nebraska,14,Morehead State
2024,1,8,Nebraska,14,Oakland
2024,1,8,Nebraska,14,Akron
2024,1,8,Nebraska,14,Colgate
2024,1,8,Nebraska,15,South Dakota State
2024,1,8,Nebraska,15,Western Kentucky
2024,1,8,Nebraska,15,Saint Peter's
2024,1,8,Nebraska,15,Long Beach State
2024,1,8,Nebraska,16,Stetson
2024,1,8,Nebraska,16,Longwood
2024,1,8,Nebraska,16,Grambling State
2024,1,8,Nebraska,16,Montana State
2024,1,8,Nebraska,16,Howard
2024,1,8,Nebraska,16,Wagner
2024,1,8,Utah State,8,Mississippi State
2024,1,8,Utah State,9,Northwestern
2024,1,8,Utah State,9,Texas A&M
2024,1,8,Utah State,9,TCU
2024,1,8,Utah State,9,Michigan State
2024,1,8,Utah State,10,Drake
2024,1,8,Utah State,10,Boise State
2024,1,8,Utah State,10,Colorado
2024,1,8,Utah State,10,Colorado State
2024,1,8,Utah State,10,Virginia
2024,1,8,Utah State,10,Nevada
2024,1,8,Utah State,11,Duquesne
2024,1,8,Utah State,11,North Carolina State
2024,1,8,Utah State,11,Oregon
2024,1,8,Utah State,11,New Mexico
2024,1,8,Utah State,12,UAB
2024,1,8,Utah State,12,James Madison
2024,1,8,Utah State,12,McNeese State
2024,1,8,Utah State,12,Grand Canyon
2024,1,8,Utah State,13,Yale
2024,1,8,Utah State,13,Vermont
2024,1,8,Utah State,13,Samford
2024,1,8,Utah State,13,Charleston
2024,1,8,Utah State,14,Morehead State
2024,1,8,Utah State,14,Oakland
2024,1,8,Utah State,14,Akron
2024,1,8,Utah State,14,Colgate
2024,1,8,Utah State,15,South Dakota State
2024,1,8,Utah State,15,Western Kentucky
2024,1,8,Utah State,15,Saint Peter's
2024,1,8,Utah State,15,Long Beach State
2024,1,8,Utah State,16,Stetson
2024,1,8,Utah State,16,Longwood
2024,1,8,Utah State,16,Grambling State
2024,1,8,Utah State,16,Montana State
2024,1,8,Utah State,16,Howard
2024,1,8,Utah State,16,Wagner
2024,1,8,Mississippi State,9,Northwestern
2024,1,8,Mississippi State,9,Texas A&M
2024,1,8,Mississippi State,9,TCU
2024,1,8,Mississippi State,9,Michigan State
2024,1,8,Mississippi State,10,Drake
2024,1,8,Mississippi State,10,Boise State
2024,1,8,Mississippi State,10,Colorado
2024,1,8,Mississippi State,10,Colorado State
2024,1,8,Mississippi State,10,Virginia
2024,1,8,Mississippi State,10,Nevada
2024,1,8,Mississippi State,11,Duquesne
2024,1,8,Mississippi State,11,North Carolina State
2024,1,8,Mississippi State,11,Oregon
2024,1,8,Mississippi State,11,New Mexico
2024,1,8,Mississippi State,12,UAB
2024,1,8,Mississippi State,12,James Madison
2024,1,8,Mississippi State,12,McNeese State
2024,1,8,Mississippi State,12,Grand Canyon
2024,1,8,Mississippi State,13,Yale
2024,1,8,Mississippi State,13,Vermont
2024,1,8,Mississippi State,13,Samford
2024,1,8,Mississippi State,13,Charleston
2024,1,8,Mississippi State,14,Morehead State
2024,1,8,Mississippi State,14,Oakland
2024,1,8,Mississippi State,14,Akron
2024,1,8,Mississippi State,14,Colgate
2024,1,8,Mississippi State,15,South Dakota State
2024,1,8,Mississippi State,15,Western Kentucky
2024,1,8,Mississippi State,15,Saint Peter's
2024,1,8,Mississippi State,15,Long Beach State
2024,1,8,Mississippi State,16,Stetson
2024,1,8,Mississippi State,16,Longwood
2024,1,8,Mississippi State,16,Grambling State
2024,1,8,Mississippi State,16,Montana State
2024,1,8,Mississippi State,16,Howard
2024,1,8,Mississippi State,16,Wagner
2024,1,9,Northwestern,9,Texas A&M
2024,1,9,Northwestern,9,TCU
2024,1,9,Northwestern,9,Michigan State
2024,1,9,Northwestern,10,Drake
2024,1,9,Northwestern,10,Boise State
2024,1,9,Northwestern,10,Colorado
2024,1,9,Northwestern,10,Colorado State
2024,1,9,Northwestern,10,Virginia
2024,1,9,Northwestern,10,Nevada
2024,1,9,Northwestern,11,Duquesne
2024,1,9,Northwestern,11,North Carolina State
2024,1,9,Northwestern,11,Oregon
2024,1,9,Northwestern,11,New Mexico
2024,1,9,Northwestern,12,UAB
2024,1,9,Northwestern,12,James Madison
2024,1,9,Northwestern,12,McNeese State
2024,1,9,Northwestern,12,Grand Canyon
2024,1,9,Northwestern,13,Yale
2024,1,9,Northwestern,13,Vermont
2024,1,9,Northwestern,13,Samford
2024,1,9,Northwestern,13,Charleston
2024,1,9,Northwestern,14,Morehead State
2024,1,9,Northwestern,14,Oakland
2024,1,9,Northwestern,14,Akron
2024,1,9,Northwestern,14,Colgate
2024,1,9,Northwestern,15,South Dakota State
2024,1,9,Northwestern,15,Western Kentucky
2024,1,9,Northwestern,15,Saint Peter's
2024,1,9,Northwestern,15,Long Beach State
2024,1,9,Northwestern,16,Stetson
2024,1,9,Northwestern,16,Longwood
2024,1,9,Northwestern,16,Grambling State
2024,1,9,Northwestern,16,Montana State
2024,1,9,Northwestern,16,Howard
2024,1,9,Northwestern,16,Wagner
2024,1,9,Texas A&M,9,TCU
2024,1,9,Texas A&M,9,Michigan State
2024,1,9,Texas A&M,10,Drake
2024,1,9,Texas A&M,10,Boise State
2024,1,9,Texas A&M,10,Colorado
2024,1,9,Texas A&M,10,Colorado State
2024,1,9,Texas A&M,10,Virginia
2024,1,9,Texas A&M,10,Nevada
2024,1,9,Texas A&M,11,Duquesne
2024,1,9,Texas A&M,11,North Carolina State
2024,1,9,Texas A&M,11,Oregon
2024,1,9,Texas A&M,11,New Mexico
2024,1,9,Texas A&M,12,UAB
2024,1,9,Texas A&M,12,James Madison
2024,1,9,Texas A&M,12,McNeese State
2024,1,9,Texas A&M,12,Grand Canyon
2024,1,9,Texas A&M,13,Yale
2024,1,9,Texas A&M,13,Vermont
2024,1,9,Texas A&M,13,Samford
2024,1,9,Texas A&M,13,Charleston
2024,1,9,Texas A&M,14,Morehead State
2024,1,9,Texas A&M,14,Oakland
2024,1,9,Texas A&M,14,Akron
2024,1,9,Texas A&M,14,Colgate
2024,1,9,Texas A&M,15,South Dakota State
2024,1,9,Texas A&M,15,Western Kentucky
2024,1,9,Texas A&M,15,Saint Peter's
2024,1,9,Texas A&M,15,Long Beach State
2024,1,9,Texas A&M,16,Stetson
2024,1,9,Texas A&M,16,Longwood
2024,1,9,Texas A&M,16,Grambling State
2024,1,9,Texas A&M,16,Montana State
2024,1,9,Texas A&M,16,Howard
2024,1,9,Texas A&M,16,Wagner
2024,1,9,TCU,9,Michigan State
2024,1,9,TCU,10,Drake
2024,1,9,TCU,10,Boise State
2024,1,9,TCU,10,Colorado
2024,1,9,TCU,10,Colorado State
2024,1,9,TCU,10,Virginia
2024,1,9,TCU,10,Nevada
2024,1,9,TCU,11,Duquesne
2024,1,9,TCU,11,North Carolina State
2024,1,9,TCU,11,Oregon
2024,1,9,TCU,11,New Mexico
2024,1,9,TCU,12,UAB
2024,1,9,TCU,12,James Madison
2024,1,9,TCU,12,McNeese State
2024,1,9,TCU,12,Grand Canyon
2024,1,9,TCU,13,Yale
2024,1,9,TCU,13,Vermont
2024,1,9,TCU,13,Samford
2024,1,9,TCU,13,Charleston
2024,1,9,TCU,14,Morehead State
2024,1,9,TCU,14,Oakland
2024,1,9,TCU,14,Akron
2024,1,9,TCU,14,Colgate
2024,1,9,TCU,15,South Dakota State
2024,1,9,TCU,15,Western Kentucky
2024,1,9,TCU,15,Saint Peter's
2024,1,9,TCU,15,Long Beach State
2024,1,9,TCU,16,Stetson
2024,1,9,TCU,16,Longwood
2024,1,9,TCU,16,Grambling State
2024,1,9,TCU,16,Montana State
2024,1,9,TCU,16,Howard
2024,1,9,TCU,16,Wagner
2024,1,9,Michigan State,10,Drake
2024,1,9,Michigan State,10,Boise State
2024,1,9,Michigan State,10,Colorado
2024,1,9,Michigan State,10,Colorado State
2024,1,9,Michigan State,10,Virginia
2024,1,9,Michigan State,10,Nevada
2024,1,9,Michigan State,11,Duquesne
2024,1,9,Michigan State,11,North Carolina State
2024,1,9,Michigan State,11,Oregon
2024,1,9,Michigan State,11,New Mexico
2024,1,9,Michigan State,12,UAB
2024,1,9,Michigan State,12,James Madison
2024,1,9,Michigan State,12,McNeese State
2024,1,9,Michigan State,12,Grand Canyon
2024,1,9,Michigan State,13,Yale
2024,1,9,Michigan State,13,Vermont
2024,1,9,Michigan State,13,Samford
2024,1,9,Michigan State,13,Charleston
2024,1,9,Michigan State,14,Morehead State
2024,1,9,Michigan State,14,Oakland
2024,1,9,Michigan State,14,Akron
2024,1,9,Michigan State,14,Colgate
2024,1,9,Michigan State,15,South Dakota State
2024,1,9,Michigan State,15,Western Kentucky
2024,1,9,Michigan State,15,Saint Peter's
2024,1,9,Michigan State,15,Long Beach State
2024,1,9,Michigan State,16,Stetson
2024,1,9,Michigan State,16,Longwood
2024,1,9,Michigan State,16,Grambling State
2024,1,9,Michigan State,16,Montana State
2024,1,9,Michigan State,16,Howard
2024,1,9,Michigan State,16,Wagner
2024,1,10,Drake,10,Boise State
2024,1,10,Drake,10,Colorado
2024,1,10,Drake,10,Colorado State
2024,1,10,Drake,10,Virginia
2024,1,10,Drake,10,Nevada
2024,1,10,Drake,11,Duquesne
2024,1,10,Drake,11,North Carolina State
2024,1,10,Drake,11,Oregon
2024,1,10,Drake,11,New Mexico
2024,1,10,Drake,12,UAB
2024,1,10,Drake,12,James Madison
2024,1,10,Drake,12,McNeese State
2024,1,10,Drake,12,Grand Canyon
2024,1,10,Drake,13,Yale
2024,1,10,Drake,13,Vermont
2024,1,10,Drake,13,Samford
2024,1,10,Drake,13,Charleston
2024,1,10,Drake,14,Morehead State
2024,1,10,Drake,14,Oakland
2024,1,10,Drake,14,Akron
2024,1,10,Drake,14,Colgate
2024,1,10,Drake,15,South Dakota State
2024,1,10,Drake,15,Western Kentucky
2024,1,10,Drake,15,Saint Peter's
2024,1,10,Drake,15,Long Beach State
2024,1,10,Drake,16,Stetson
2024,1,10,Drake,16,Longwood
2024,1,10,Drake,16,Grambling State
2024,1,10,Drake,16,Montana State
2024,1,10,Drake,16,Howard
2024,1,10,Drake,16,Wagner
2024,1,10,Boise State,10,Colorado
2024,1,10,Boise State,10,Colorado State
2024,1,10,Boise State,10,Virginia
2024,1,10,Boise State,10,Nevada
2024,1,10,Boise State,11,Duquesne
2024,1,10,Boise State,11,North Carolina State
2024,1,10,Boise State,11,Oregon
2024,1,10,Boise State,11,New Mexico
2024,1,10,Boise State,12,UAB
2024,1,10,Boise State,12,James Madison
2024,1,10,Boise State,12,McNeese State
2024,1,10,Boise State,12,Grand Canyon
2024,1,10,Boise State,13,Yale
2024,1,10,Boise State,13,Vermont
2024,1,10,Boise State,13,Samford
2024,1,10,Boise State,13,Charleston
2024,1,10,Boise State,14,Morehead State
2024,1,10,Boise State,14,Oakland
2024,1,10,Boise State,14,Akron
2024,1,10,Boise State,14,Colgate
2024,1,10,Boise State,15,South Dakota State
2024,1,10,Boise State,15,Western Kentucky
2024,1,10,Boise State,15,Saint Peter's
2024,1,10,Boise State,15,Long Beach State
2024,1,10,Boise State,16,Stetson
2024,1,10,Boise State,16,Longwood
2024,1,10,Boise State,16,Grambling State
2024,1,10,Boise State,16,Montana State
2024,1,10,Boise State,16,Howard
2024,1,10,Boise State,16,Wagner
2024,1,10,Colorado,10,Colorado State
2024,1,10,Colorado,10,Virginia
2024,1,10,Colorado,10,Nevada
2024,1,10,Colorado,11,Duquesne
2024,1,10,Colorado,11,North Carolina State
2024,1,10,Colorado,11,Oregon
2024,1,10,Colorado,11,New Mexico
2024,1,10,Colorado,12,UAB
2024,1,10,Colorado,12,James Madison
2024,1,10,Colorado,12,McNeese State
2024,1,10,Colorado,12,Grand Canyon
2024,1,10,Colorado,13,Yale
2024,1,10,Colorado,13,Vermont
2024,1,10,Colorado,13,Samford
2024,1,10,Colorado,13,Charleston
2024,1,10,Colorado,14,Morehead State
2024,1,10,Colorado,14,Oakland
2024,1,10,Colorado,14,Akron
2024,1,10,Colorado,14,Colgate
2024,1,10,Colorado,15,South Dakota State
2024,1,10,Colorado,15,Western Kentucky
2024,1,10,Colorado,15,Saint Peter's
2024,1,10,Colorado,15,Long Beach State
2024,1,10,Colorado,16,Stetson
2024,1,10,Colorado,16,Longwood
2024,1,10,Colorado,16,Grambling State
2024,1,10,Colorado,16,Montana State
2024,1,10,Colorado,16,Howard
2024,1,10,Colorado,16,Wagner
2024,1,10,Colorado State,10,Virginia
2024,1,10,Colorado State,10,Nevada
2024,1,10,Colorado State,11,Duquesne
2024,1,10,Colorado State,11,North Carolina State
2024,1,10,Colorado State,11,Oregon
2024,1,10,Colorado State,11,New Mexico
2024,1,10,Colorado State,12,UAB
2024,1,10,Colorado State,12,James Madison
2024,1,10,Colorado State,12,McNeese State
2024,1,10,Colorado State,12,Grand Canyon
2024,1,10,Colorado State,13,Yale
2024,1,10,Colorado State,13,Vermont
2024,1,10,Colorado State,13,Samford
2024,1,10,Colorado State,13,Charleston
2024,1,10,Colorado State,14,Morehead State
2024,1,10,Colorado State,14,Oakland
2024,1,10,Colorado State,14,Akron
2024,1,10,Colorado State,14,Colgate
2024,1,10,Colorado State,15,South Dakota State
2024,1,10,Colorado State,15,Western Kentucky
2024,1,10,Colorado State,15,Saint Peter's
2024,1,10,Colorado State,15,Long Beach State
2024,1,10,Colorado State,16,Stetson
2024,1,10,Colorado State,16,Longwood
2024,1,10,Colorado State,16,Grambling State
2024,1,10,Colorado State,16,Montana State
2024,1,10,Colorado State,16,Howard
2024,1,10,Colorado State,16,Wagner
2024,1,10,Virginia,10,Nevada
2024,1,10,Virginia,11,Duquesne
2024,1,10,Virginia,11,North Carolina State
2024,1,10,Virginia,11,Oregon
2024,1,10,Virginia,11,New Mexico
2024,1,10,Virginia,12,UAB
2024,1,10,Virginia,12,James Madison
2024,1,10,Virginia,12,McNeese State
2024,1,10,Virginia,12,Grand Canyon
2024,1,10,Virginia,13,Yale
2024,1,10,Virginia,13,Vermont
2024,1,10,Virginia,13,Samford
2024,1,10,Virginia,13,Charleston
2024,1,10,Virginia,14,Morehead State
2024,1,10,Virginia,14,Oakland
2024,1,10,Virginia,14,Akron
2024,1,10,Virginia,14,Colgate
2024,1,10,Virginia,15,South Dakota State
2024,1,10,Virginia,15,Western Kentucky
2024,1,10,Virginia,15,Saint Peter's
2024,1,10,Virginia,15,Long Beach State
2024,1,10,Virginia,16,Stetson
2024,1,10,Virginia,16,Longwood
2024,1,10,Virginia,16,Grambling State
2024,1,10,Virginia,16,Montana State
2024,1,10,Virginia,16,Howard
2024,1,10,Virginia,16,Wagner
2024,1,10,Nevada,11,Duquesne
2024,1,10,Nevada,11,North Carolina State
2024,1,10,Nevada,11,Oregon
2024,1,10,Nevada,11,New Mexico
2024,1,10,Nevada,12,UAB
2024,1,10,Nevada,12,James Madison
2024,1,10,Nevada,12,McNeese State
2024,1,10,Nevada,12,Grand Canyon
2024,1,10,Nevada,13,Yale
2024,1,10,Nevada,13,Vermont
2024,1,10,Nevada,13,Samford
2024,1,10,Nevada,13,Charleston
2024,1,10,Nevada,14,Morehead State
2024,1,10,Nevada,14,Oakland
2024,1,10,Nevada,14,Akron
2024,1,10,Nevada,14,Colgate
2024,1,10,Nevada,15,South Dakota State
2024,1,10,Nevada,15,Western Kentucky
2024,1,10,Nevada,15,Saint Peter's
2024,1,10,Nevada,15,Long Beach State
2024,1,10,Nevada,16,Stetson
2024,1,10,Nevada,16,Longwood
2024,1,10,Nevada,16,Grambling State
2024,1,10,Nevada,16,Montana State
2024,1,10,Nevada,16,Howard
2024,1,10,Nevada,16,Wagner
2024,1,11,Duquesne,11,North Carolina State
2024,1,11,Duquesne,11,Oregon
2024,1,11,Duquesne,11,New Mexico
2024,1,11,Duquesne,12,UAB
2024,1,11,Duquesne,12,James Madison
2024,1,11,Duquesne,12,McNeese State
2024,1,11,Duquesne,12,Grand Canyon
2024,1,11,Duquesne,13,Yale
2024,1,11,Duquesne,13,Vermont
2024,1,11,Duquesne,13,Samford
2024,1,11,Duquesne,13,Charleston
2024,1,11,Duquesne,14,Morehead State
2024,1,11,Duquesne,14,Oakland
2024,1,11,Duquesne,14,Akron
2024,1,11,Duquesne,14,Colgate
2024,1,11,Duquesne,15,South Dakota State
2024,1,11,Duquesne,15,Western Kentucky
2024,1,11,Duquesne,15,Saint Peter's
2024,1,11,Duquesne,15,Long Beach State
2024,1,11,Duquesne,16,Stetson
2024,1,11,Duquesne,16,Longwood
2024,1,11,Duquesne,16,Grambling State
2024,1,11,Duquesne,16,Montana State
2024,1,11,Duquesne,16,Howard
2024,1,11,Duquesne,16,Wagner
2024,1,11,North Carolina State,11,Oregon
2024,1,11,North Carolina State,11,New Mexico
2024,1,11,North Carolina State,12,UAB
2024,1,11,North Carolina State,12,James Madison
2024,1,11,North Carolina State,12,McNeese State
2024,1,11,North Carolina State,12,Grand Canyon
2024,1,11,North Carolina State,13,Yale
2024,1,11,North Carolina State,13,Vermont
2024,1,11,North Carolina State,13,Samford
2024,1,11,North Carolina State,13,Charleston
2024,1,11,North Carolina State,14,Morehead State
2024,1,11,North Carolina State,14,Oakland
2024,1,11,North Carolina State,14,Akron
2024,1,11,North Carolina State,14,Colgate
2024,1,11,North Carolina State,15,South Dakota State
2024,1,11,North Carolina State,15,Western Kentucky
2024,1,11,North Carolina State,15,Saint Peter's
2024,1,11,North Carolina State,15,Long Beach State
2024,1,11,North Carolina State,16,Stetson
2024,1,11,North Carolina State,16,Longwood
2024,1,11,North Carolina State,16,Grambling State
2024,1,11,North Carolina State,16,Montana State
2024,1,11,North Carolina State,16,Howard
2024,1,11,North Carolina State,16,Wagner
2024,1,11,Oregon,11,New Mexico
2024,1,11,Oregon,12,UAB
2024,1,11,Oregon,12,James Madison
2024,1,11,Oregon,12,McNeese State
2024,1,11,Oregon,12,Grand Canyon
2024,1,11,Oregon,13,Yale
2024,1,11,Oregon,13,Vermont
2024,1,11,Oregon,13,Samford
2024,1,11,Oregon,13,Charleston
2024,1,11,Oregon,14,Morehead State
2024,1,11,Oregon,14,Oakland
2024,1,11,Oregon,14,Akron
2024,1,11,Oregon,14,Colgate
2024,1,11,Oregon,15,South Dakota State
2024,1,11,Oregon,15,Western Kentucky
2024,1,11,Oregon,15,Saint Peter's
2024,1,11,Oregon,15,Long Beach State
2024,1,11,Oregon,16,Stetson
2024,1,11,Oregon,16,Longwood
2024,1,11,Oregon,16,Grambling State
2024,1,11,Oregon,16,Montana State
2024,1,11,Oregon,16,Howard
2024,1,11,Oregon,16,Wagner
2024,1,11,New Mexico,12,UAB
2024,1,11,New Mexico,12,James Madison
2024,1,11,New Mexico,12,McNeese State
2024,1,11,New Mexico,12,Grand Canyon
2024,1,11,New Mexico,13,Yale
2024,1,11,New Mexico,13,Vermont
2024,1,11,New Mexico,13,Samford
2024,1,11,New Mexico,13,Charleston
2024,1,11,New Mexico,14,Morehead State
2024,1,11,New Mexico,14,Oakland
2024,1,11,New Mexico,14,Akron
2024,1,11,New Mexico,14,Colgate
2024,1,11,New Mexico,15,South Dakota State
2024,1,11,New Mexico,15,Western Kentucky
2024,1,11,New Mexico,15,Saint Peter's
2024,1,11,New Mexico,15,Long Beach State
2024,1,11,New Mexico,16,Stetson
2024,1,11,New Mexico,16,Longwood
2024,1,11,New Mexico,16,Grambling State
2024,1,11,New Mexico,16,Montana State
2024,1,11,New Mexico,16,Howard
2024,1,11,New Mexico,16,Wagner
2024,1,12,UAB,12,James Madison
2024,1,12,UAB,12,McNeese State
2024,1,12,UAB,12,Grand Canyon
2024,1,12,UAB,13,Yale
2024,1,12,UAB,13,Vermont
2024,1,12,UAB,13,Samford
2024,1,12,UAB,13,Charleston
2024,1,12,UAB,14,Morehead State
2024,1,12,UAB,14,Oakland
2024,1,12,UAB,14,Akron
2024,1,12,UAB,14,Colgate
2024,1,12,UAB,15,South Dakota State
2024,1,12,UAB,15,Western Kentucky
2024,1,12,UAB,15,Saint Peter's
2024,1,12,UAB,15,Long Beach State
2024,1,12,UAB,16,Stetson
2024,1,12,UAB,16,Longwood
2024,1,12,UAB,16,Grambling State
2024,1,12,UAB,16,Montana State
2024,1,12,UAB,16,Howard
2024,1,12,UAB,16,Wagner
2024,1,12,James Madison,12,McNeese State
2024,1,12,James Madison,12,Grand Canyon
2024,1,12,James Madison,13,Yale
2024,1,12,James Madison,13,Vermont
2024,1,12,James Madison,13,Samford
2024,1,12,James Madison,13,Charleston
2024,1,12,James Madison,14,Morehead State
2024,1,12,James Madison,14,Oakland
2024,1,12,James Madison,14,Akron
2024,1,12,James Madison,14,Colgate
2024,1,12,James Madison,15,South Dakota State
2024,1,12,James Madison,15,Western Kentucky
2024,1,12,James Madison,15,Saint Peter's
2024,1,12,James Madison,15,Long Beach State
2024,1,12,James Madison,16,Stetson
2024,1,12,James Madison,16,Longwood
2024,1,12,James Madison,16,Grambling State
2024,1,12,James Madison,16,Montana State
2024,1,12,James Madison,16,Howard
2024,1,12,James Madison,16,Wagner
2024,1,12,McNeese State,12,Grand Canyon
2024,1,12,McNeese State,13,Yale
2024,1,12,McNeese State,13,Vermont
2024,1,12,McNeese State,13,Samford
2024,1,12,McNeese State,13,Charleston
2024,1,12,McNeese State,14,Morehead State
2024,1,12,McNeese State,14,Oakland
2024,1,12,McNeese State,14,Akron
2024,1,12,McNeese State,14,Colgate
2024,1,12,McNeese State,15,South Dakota State
2024,1,12,McNeese State,15,Western Kentucky
2024,1,12,McNeese State,15,Saint Peter's
2024,1,12,McNeese State,15,Long Beach State
2024,1,12,McNeese State,16,Stetson
2024,1,12,McNeese State,16,Longwood
2024,1,12,McNeese State,16,Grambling State
2024,1,12,McNeese State,16,Montana State
2024,1,12,McNeese State,16,Howard
2024,1,12,McNeese State,16,Wagner
2024,1,12,Grand Canyon,13,Yale
2024,1,12,Grand Canyon,13,Vermont
2024,1,12,Grand Canyon,13,Samford
2024,1,12,Grand Canyon,13,Charleston
2024,1,12,Grand Canyon,14,Morehead State
2024,1,12,Grand Canyon,14,Oakland
2024,1,12,Grand Canyon,14,Akron
2024,1,12,Grand Canyon,14,Colgate
2024,1,12,Grand Canyon,15,South Dakota State
2024,1,12,Grand Canyon,15,Western Kentucky
2024,1,12,Grand Canyon,15,Saint Peter's
2024,1,12,Grand Canyon,15,Long Beach State
2024,1,12,Grand Canyon,16,Stetson
2024,1,12,Grand Canyon,16,Longwood
2024,1,12,Grand Canyon,16,Grambling State
2024,1,12,Grand Canyon,16,Montana State
2024,1,12,Grand Canyon,16,Howard
2024,1,12,Grand Canyon,16,Wagner
2024,1,13,Yale,13,Vermont
2024,1,13,Yale,13,Samford
2024,1,13,Yale,13,Charleston
2024,1,13,Yale,14,Morehead State
2024,1,13,Yale,14,Oakland
2024,1,13,Yale,14,Akron
2024,1,13,Yale,14,Colgate
2024,1,13,Yale,15,South Dakota State
2024,1,13,Yale,15,Western Kentucky
2024,1,13,Yale,15,Saint Peter's
2024,1,13,Yale,15,Long Beach State
2024,1,13,Yale,16,Stetson
2024,1,13,Yale,16,Longwood
2024,1,13,Yale,16,Grambling State
2024,1,13,Yale,16,Montana State
2024,1,13,Yale,16,Howard
2024,1,13,Yale,16,Wagner
2024,1,13,Vermont,13,Samford
2024,1,13,Vermont,13,Charleston
2024,1,13,Vermont,14,Morehead State
2024,1,13,Vermont,14,Oakland
2024,1,13,Vermont,14,Akron
2024,1,13,Vermont,14,Colgate
2024,1,13,Vermont,15,South Dakota State
2024,1,13,Vermont,15,Western Kentucky
2024,1,13,Vermont,15,Saint Peter's
2024,1,13,Vermont,15,Long Beach State
2024,1,13,Vermont,16,Stetson
2024,1,13,Vermont,16,Longwood
2024,1,13,Vermont,16,Grambling State
2024,1,13,Vermont,16,Montana State
2024,1,13,Vermont,16,Howard
2024,1,13,Vermont,16,Wagner
2024,1,13,Samford,13,Charleston
2024,1,13,Samford,14,Morehead State
2024,1,13,Samford,14,Oakland
2024,1,13,Samford,14,Akron
2024,1,13,Samford,14,Colgate
2024,1,13,Samford,15,South Dakota State
2024,1,13,Samford,15,Western Kentucky
2024,1,13,Samford,15,Saint Peter's
2024,1,13,Samford,15,Long Beach State
2024,1,13,Samford,16,Stetson
2024,1,13,Samford,16,Longwood
2024,1,13,Samford,16,Grambling State
2024,1,13,Samford,16,Montana State
2024,1,13,Samford,16,Howard
2024,1,13,Samford,16,Wagner
2024,1,13,Charleston,14,Morehead State
2024,1,13,Charleston,14,Oakland
2024,1,13,Charleston,14,Akron
2024,1,13,Charleston,14,Colgate
2024,1,13,Charleston,15,South Dakota State
2024,1,13,Charleston,15,Western Kentucky
2024,1,13,Charleston,15,Saint Peter's
2024,1,13,Charleston,15,Long Beach State
2024,1,13,Charleston,16,Stetson
2024,1,13,Charleston,16,Longwood
2024,1,13,Charleston,16,Grambling State
2024,1,13,Charleston,16,Montana State
2024,1,13,Charleston,16,Howard
2024,1,13,Charleston,16,Wagner
2024,1,14,Morehead State,14,Oakland
2024,1,14,Morehead State,14,Akron
2024,1,14,Morehead State,14,Colgate
2024,1,14,Morehead State,15,South Dakota State
2024,1,14,Morehead State,15,Western Kentucky
2024,1,14,Morehead State,15,Saint Peter's
2024,1,14,Morehead State,15,Long Beach State
2024,1,14,Morehead State,16,Stetson
2024,1,14,Morehead State,16,Longwood
2024,1,14,Morehead State,16,Grambling State
2024,1,14,Morehead State,16,Montana State
2024,1,14,Morehead State,16,Howard
2024,1,14,Morehead State,16,Wagner
2024,1,14,Oakland,14,Akron
2024,1,14,Oakland,14,Colgate
2024,1,14,Oakland,15,South Dakota State
2024,1,14,Oakland,15,Western Kentucky
2024,1,14,Oakland,15,Saint Peter's
2024,1,14,Oakland,15,Long Beach State
2024,1,14,Oakland,16,Stetson
2024,1,14,Oakland,16,Longwood
2024,1,14,Oakland,16,Grambling State
2024,1,14,Oakland,16,Montana State
2024,1,14,Oakland,16,Howard
2024,1,14,Oakland,16,Wagner
2024,1,14,Akron,14,Colgate
2024,1,14,Akron,15,South Dakota State
2024,1,14,Akron,15,Western Kentucky
2024,1,14,Akron,15,Saint Peter's
2024,1,14,Akron,15,Long Beach State
2024,1,14,Akron,16,Stetson
2024,1,14,Akron,16,Longwood
2024,1,14,Akron,16,Grambling State
2024,1,14,Akron,16,Montana State
2024,1,14,Akron,16,Howard
2024,1,14,Akron,16,Wagner
2024,1,14,Colgate,15,South Dakota State
2024,1,14,Colgate,15,Western Kentucky
2024,1,14,Colgate,15,Saint Peter's
2024,1,14,Colgate,15,Long Beach State
2024,1,14,Colgate,16,Stetson
2024,1,14,Colgate,16,Longwood
2024,1,14,Colgate,16,Grambling State
2024,1,14,Colgate,16,Montana State
2024,1,14,Colgate,16,Howard
2024,1,14,Colgate,16,Wagner
2024,1,15,South Dakota State,15,Western Kentucky
2024,1,15,South Dakota State,15,Saint Peter's
2024,1,15,South Dakota State,15,Long Beach State
2024,1,15,South Dakota State,16,Stetson
2024,1,15,South Dakota State,16,Longwood
2024,1,15,South Dakota State,16,Grambling State
2024,1,15,South Dakota State,16,Montana State
2024,1,15,South Dakota State,16,Howard
2024,1,15,South Dakota State,16,Wagner
2024,1,15,Western Kentucky,15,Saint Peter's
2024,1,15,Western Kentucky,15,Long Beach State
2024,1,15,Western Kentucky,16,Stetson
2024,1,15,Western Kentucky,16,Longwood
2024,1,15,Western Kentucky,16,Grambling State
2024,1,15,Western Kentucky,16,Montana State
2024,1,15,Western Kentucky,16,Howard
2024,1,15,Western Kentucky,16,Wagner
2024,1,15,Saint Peter's,15,Long Beach State
2024,1,15,Saint Peter's,16,Stetson
2024,1,15,Saint Peter's,16,Longwood
2024,1,15,Saint Peter's,16,Grambling State
2024,1,15,Saint Peter's,16,Montana State
2024,1,15,Saint Peter's,16,Howard
2024,1,15,Saint Peter's,16,Wagner
2024,1,15,Long Beach State,16,Stetson
2024,1,15,Long Beach State,16,Longwood
2024,1,15,Long Beach State,16,Grambling State
2024,1,15,Long Beach State,16,Montana State
2024,1,15,Long Beach State,16,Howard
2024,1,15,Long Beach State,16,Wagner
2024,1,16,Stetson,16,Longwood
2024,1,16,Stetson,16,Grambling State
2024,1,16,Stetson,16,Montana State
2024,1,16,Stetson,16,Howard
2024,1,16,Stetson,16,Wagner
2024,1,16,Longwood,16,Grambling State
2024,1,16,Longwood,16,Montana State
2024,1,16,Longwood,16,Howard
2024,1,16,Longwood,16,Wagner
2024,1,16,Grambling State,16,Montana State
2024,1,16,Grambling State,16,Howard
2024,1,16,Grambling State,16,Wagner
2024,1,16,Montana State,16,Howard
2024,1,16,Montana State,16,Wagner
2024,1,16,Howard,16,Wagner